1770586794,ST LUKES REGIONAL MEDICAL CENTER,PO BOX 2777,,BOISE,ID,837012777,2087065000,General Acute Care Hospital,Institutional Pharmacy,,,,,,,,,,,,,
1700889987,COUNTY OF ADA,370 N. BENJAMIN LANE,,BOISE,ID,83704,2082872950,Land Transport,,,,,,,,,,,,,,
1821091083,WALTER KNOX MEMORIAL HOSPITAL,1102 E LOCUST ST,,EMMETT,ID,836172713,(208) 365-6004,Rural Health,,,,,,,,,,,,,,
1952304099,PUBLIC HEALTH DISTRICT 1,8500 N ATLAS RD,,HAYDEN,ID,838357677,2084155160,Home Health,,,,,,,,,,,,,,
1508869470,ST LUKES MEDICAL CENTER WOOD RIVER LTD,PO BOX 2777,,BOISE,ID,837012777,2087065000,Critical Access,,,,,,,,,,,,,,
1144223900,BOISE MEMORIAL HOSPICE LLC,600 E STATE ST,SUITE 300,EAGLE,ID,836166081,2089384100,Hospice Care - Community Based,,,,,,,,,,,,,,
1598768483,NORTH IDAHO HOME HEALTH,2426 N MERRIT CREEK LOOP,,COEUR D ALENE,ID,838144961,2086677494,Home Health,,,,,,,,,,,,,,
1700889581,RADIOLOGY CONSULTANTS PS,PO BOX 9105,,MOSCOW,ID,838431605,2088828369,Specialist,,,,,,,,,,,,,,
1720082712,DEARY AMBULANCE,403 MAIN ST,,DEARY,ID,838239601,2088771515,Land Transport,,,,,,,,,,,,,,
1841295227,GRAND TETON SURGICAL CENTER LLC,2290 CORONADO ST,,IDAHO FALLS,ID,834047552,2085243800,Ambulatory Surgical,,,,,,,,,,,,,,
1043215437,SHOSHONE MEDICAL CENTER,25 JACOBS GULCH RD,,KELLOGG,ID,838372023,2087847017,Critical Access,,,,,,,,,,,,,,
1164427159,OMEGA MENTAL HEALTH,8200 STEWART RD,,MERIDIAN,ID,83642,2088882319,Family,,,,,,,,,,,,,,
1811992811,ADDISON SURGERY CENTER,191 ADDISON AVE,STE 1,TWIN FALLS,ID,833015177,2087345993,Ambulatory Surgical,,,,,,,,,,,,,,
1578568473,COUNTY OF FRANKLIN,PO BOX 85,55 W 100 S,PRESTON,ID,832630085,2088523764,Ambulance,,,,,,,,,,,,,,
1518962273,ELMORE MEDICAL CENTER HOSPITAL DISTRICT,895 NORTH 6TH EAST,,MOUNTAIN HOME,ID,83647,2085878401,Critical Access,,,,,,,,,,,,,,
1245235878,HOSPICE OF NORTH IDAHO INC,2290 W PRAIRIE AVE,,COEUR D ALENE,ID,838158424,2087727994,Hospice Care - Community Based,,,,,,,,,,,,,,
1730185372,HANDS-ON PHYSICAL THERAPY PA,5255 OVERLAND RD,,BOISE,ID,837052637,2083389486,Physical Therapist,,,,,,,,,,,,,,
1497751234,PRESTON DRUG INC.,39 N 100 E,,PRESTON,ID,832631325,2088521563,Pharmacist,,,,,,,,,,,,,,
1154328763,NORTH IDAHO ENDOSCOPY CENTER PLLC,1607 LINCOLN WAY SUITE 100,,COEURDALENE,ID,838142476,2086659184,Ambulatory Surgical,,,,,,,,,,,,,,
1881691491,COUNTY OF POWER,543 BANNOCK AVE,,AMERICAN FALLS,ID,832111200,2082265605,Land Transport,,,,,,,,,,,,,,
1740287911,EASTERN IDAHO HEALTH SERVICES INC,3100 CHANNING WAY,,IDAHO FALLS,ID,834047533,2085296111,Psychiatric Unit,,,,,,,,,,,,,,
1477550267,SCHMITT ENTERPRISES,285 W FRANCIS ST,,BLACKFOOT,ID,832211751,2087850123,Physical Therapist,,,,,,,,,,,,,,
1952308751,XL HOSPICE INC,2480 HIGHWAY 52,,PAYETTE,ID,836615536,2086429222,Hospice Care - Community Based,,,,,,,,,,,,,,
1649277393,STATE OF IDAHO,1901 ALVIN RICKEN DR,,POCATELLO,ID,832012727,2082395210,Home Health,,,,,,,,,,,,,,
1407853344,MAGIC VALLEY REGIONAL MEDICAL CENTER,PO BOX 409,650 ADDISON AVE W,TWIN FALLS,ID,833030409,2087323000,General Acute Care Hospital,,,,,,,,,,,,,,
1104824739,NORTH IDAHO DAY SURGERY LLC,1593 E POLSTON AVE,,POST FALLS,ID,838545326,2082622300,General Acute Care Hospital,,,,,,,,,,,,,,
1114925617,CITY OF IDAHO FALLS,PO BOX 50220,,IDAHO FALLS,ID,834050220,2086128452,Land Transport,,,,,,,,,,,,,,
1568460863,ACCESS AIR AMBULANCE,3647 RICKENBACKER ST,,BOISE,ID,837055022,2084339850,Air Transport,,,,,,,,,,,,,,
1598763849,POWER COUNTY HOSPITAL DISTRICT,510 ROOSEVELT ST,,AMERICAN FALLS,ID,832111362,2082263200,Public Health or Welfare,,,,,,,,,,,,,,
1386642494,IDAHO HYPERBARICS INC,1125 W ALAMEDA RD,,POCATELLO,ID,832016143,2082371151,Undersea and Hyperbaric Medicine,,,,,,,,,,,,,,
1871591859,PETERSON OXIMETRY SERVICES,625 TRIUMPH DR,,MIDDLETON,ID,836446022,2084612824,Respiratory Therapist - Certified,,,,,,,,,,,,,,
1114925047,LOST RIVERS MEDICAL CENTER,PO BOX 145,,ARCO,ID,832130145,2085278206,Critical Access,,,,,,,,,,,,,,
1336147149,LOST RIVERS DISTRICT HOSPITAL,PO BOX 145,,ARCO,ID,832130145,2085278206,Home Health,,,,,,,,,,,,,,
1740289024,KOOTENAI OUTPATIENT SURGERY CNTR LLC,707 W IRONWOOD DR,,COEUR D ALENE,ID,838142772,2086662700,Ambulatory Surgical,Durable Medical Equipment & Medical Supplies,,,,,,,,,,,,,
1922007004,GEM HOME HEALTH,1202 E LOCUST ST,,EMMETT,ID,836172715,2083653561,Home Health,,,,,,,,,,,,,,
1114926151,CANYON COUNTY AMBULANCE DISTRICT,6116 GRAYE LANE,,CALDWELL,ID,836078072,2087956920,Ambulance,Land Transport,,,,,,,,,,,,,
1801896683,BOUNDARY COMMUNITY HOSPITAL,6640 KANIKSU ST,,BONNERS FERRY,ID,838057532,2082673141,Critical Access,,,,,,,,,,,,,,
1548260805,COUNTY OF CAMAS,PO BOX 430,,FAIRFIELD,ID,833270430,2087642611,Land Transport,,,,,,,,,,,,,,
1518967710,JACKS PHARMACY INC,103 E COLLEGE AVE,,ST MARIES,ID,838612247,2082454578,Community/Retail Pharmacy,,,,,,,,,,,,,,
1083614036,BLAINE COUNTY,206 S 1ST AVE,SUITE 200,HAILEY,ID,833338429,,Land Transport,,,,,,,,,,,,,,
1598766347,NEW HOPE CLINIC,518 BANK ST,SUITE 200,WALLACE,ID,838732225,2085560960,Mental Health,,,,,,,,,,,,,,
1104827880,MERCY MEDICAL HOME HEALTH,PO BOX 1452,,NAMPA,ID,836531452,2084635220,Home Health,,,,,,,,,,,,,,
1073514329,HEART N HOME HOSPICE AND PALLIATIVE,1100 NW 12TH ST,,FRUITLAND,ID,836195040,2084522663,Hospice Care - Community Based,,,,,,,,,,,,,,
1497756803,ASHTON MEMORIAL INC,PO BOX 838,700 N 2ND ST,ASHTON,ID,834200838,2086527461,Skilled Nursing Facility,,,,,,,,,,,,,,
1457353450,NORTH IDAHO IMAGING CENTER,PO BOX 1335,,COEUR D ALENE,ID,838161335,2086679334,Diagnostic Radiology,,,,,,,,,,,,,,
1326040338,ST. LUKE'S REGIONAL MEDICAL CENTER,520 S EAGLE RD,SUITE 1000,MERIDIAN,ID,836426351,2087065255,Pharmacy,,,,,,,,,,,,,,
1316949910,TETON CLINICAL PHARMACY INC,2470 JAFER CT,,IDAHO FALLS,ID,834045587,2085293636,Durable Medical Equipment & Medical Supplies,Community/Retail Pharmacy,Home Infusion Therapy Pharmacy,,,,,,,,,,,,
1023010642,ST LUKE'S REG MED CTR EMPLOYEE OUTPT PHARMACY,190 E BANNOCK ST,,BOISE,ID,837126241,2083814353,,,,,,,,,,,,,,,
1841292307,ST. MARY'S HOSPITAL,701 LEWISTON ST,P O BOX 137,COTTONWOOD,ID,835229750,2089623251,Critical Access,,,,,,,,,,,,,,
1932191996,MOUNTAIN CREST FOOT AND ANKLE PA,3652 WASHINGTON PKWY,,IDAHO FALLS,ID,834047573,2085288700,Podiatrist,,,,,,,,,,,,,,
1649262825,SUMMIT HEALTH PROFESSIONALS,3760 WASHINGTON PKWY,,IDAHO FALLS,ID,834047593,2085244953,Counselor,Social Worker,Psychiatry,Community/Behavioral Health,,,,,,,,,,,
1306838859,CITY OF LEWISTON,PO BOX 617,,LEWISTON,ID,835010617,(208) 746-3671,Land Transport,,,,,,,,,,,,,,
1982696449,CARIBOU COUNTY,PO BOX 775,,SODA SPRINGS,ID,832760775,2085472583,Land Transport,,,,,,,,,,,,,,
1831181106,PHYSICAL THERAPY SPORTS & REHAB,540 S GARFIELD AVE,,POCATELLO,ID,832043333,2082322740,Physical Therapist,,,,,,,,,,,,,,
1861485989,DANIEL L TILLER PA,901 12TH AVE S,,NAMPA,ID,836514658,2084669251,Optometrist,,,,,,,,,,,,,,
1265425029,NORTH IDAHO MRI,PO BOX 3103,,COEUR D ALENE,ID,838162525,2086663119,Magnetic Resonance Imaging (MRI),,,,,,,,,,,,,,
1992798409,KOOTENAI HEALTH,2003 KOOTENAI HEALTH WAY,,COEUR D ALENE,ID,838146051,2086254000,General Acute Care Hospital,,,,,,,,,,,,,,
1255324653,INLAND ANESTHESIA,PO BOX 1829,,COEUR D ALENE,ID,838161829,2086679334,Anesthesiology,,,,,,,,,,,,,,
1356334742,MIDCOAST IMAGING MEDICAL GROUP,PO BOX 3767,,COEUR D ALENE,ID,838162530,2086679334,Diagnostic Radiology,,,,,,,,,,,,,,
1457345530,SYRINGA SURGICAL CENTER,1630 23RD AVE,SUITE 901B,LEWISTON,ID,835016353,2082980103,Ambulatory Surgical,,,,,,,,,,,,,,
1053305144,TETON MRI OF IDAHO FALLS,2060 S WOODRUFF AVE,,IDAHO FALLS,ID,834046396,2085520828,Radiology,,,,,,,,,,,,,,
1295729283,MIDNIGHT OIL LTD.,498 FALLS AVE W,,TWIN FALLS,ID,833013689,2083246776,Day Training - Developmentally Disabled Services,Nursing Care,Community Based Residential Treatment Facility - Mental Retardation and/or Developmental Disabilities,Durable Medical Equipment & Medical Supplies,Non-emergency Medical Transport (VAN),Respite Care,,,,,,,,,
1679567564,WEAR & ASSOCIATES DC PA,124 12TH AVE RD,,NAMPA,ID,836865074,2084665459,Chiropractor,Acupuncturist,,,,,,,,,,,,,
1396730735,UPPER VALLEY RESOURCE AND COUNSELING CENTER,36 N 2ND W,,REXBURG,ID,834401515,2083590519,Mental Health,,,,,,,,,,,,,,
1922093293,LEWIS & CLARK ORTHOPAEDIC INSTITUTE LLC,318 WARNER DR,,LEWISTON,ID,835014441,2082981050,Ambulatory Surgical,,,,,,,,,,,,,,
1730174830,BMH INC,98 POPLAR ST,,BLACKFOOT,ID,832211758,2087823955,Pharmacy,Clinic Pharmacy,Institutional Pharmacy,Long Term Care Pharmacy,Specialty Pharmacy,,,,,,,,,,
1891780458,AMERICAN FALLS VISION CTR,475 HILLCREST AVE,,AMERICAN FALLS,ID,832111323,2082262333,Optometrist,,,,,,,,,,,,,,
1467448779,HOME LIVING SERVICES,436 E BONNEVILLE,,POCATELLO,ID,83201,2082333466,Durable Medical Equipment & Medical Supplies,,,,,,,,,,,,,,
1023004348,HOME LIVING SERVICES INC,436 E BONNEVILLE ST,,POCATELLO,ID,832016406,2082333466,Pharmacy,Long Term Care Pharmacy,,,,,,,,,,,,,
1528054830,SUPER SAVE DRUG,PO BOX 4869,701 EAST CENTER,POCATELLO,ID,832054869,2082327750,Oxygen Equipment & Supplies,,,,,,,,,,,,,,
1003802315,SUPER SAVE HIGHLAND PHARMACY,755 HOSPITAL WAY B1,P O BOX 4869,POCATELLO,ID,832054869,2082379393,Pharmacy,,,,,,,,,,,,,,
1669468765,SCOTT SERVICE,PO BOX 151,,MALAD CITY,ID,832520151,2087662588,Durable Medical Equipment & Medical Supplies,,,,,,,,,,,,,,
1336135136,BENEWAH MEDICAL CENTER,PO BOX 388,,PLUMMER,ID,838510388,2086861931,Federally Qualified Health Center (FQHC),,,,,,,,,,,,,,
1659368801,DISCOVERY CARE CENTRE,600 SHANAFELT ST,,SALMON,ID,834674261,2087568391,Assisted Living Facility,Skilled Nursing Facility,,,,,,,,,,,,,
1326035585,SANDPOINT DRUG INC,604 N FIFTH AVE,,SANDPOINT,ID,838641520,2082631408,Pharmacist,Durable Medical Equipment & Medical Supplies,Community/Retail Pharmacy,,,,,,,,,,,,
1518954528,AUGUST HOME HEALTH INC,2005 IRONWOOD PKWY,,COEUR D ALENE,ID,838142465,2086640858,Home Health,,,,,,,,,,,,,,
1003803024,NORTHWEST BEC CORP DBA BURLEY CARE CENTER,PO BOX 1224,,BURLEY,ID,833180830,2086789474,Skilled Nursing Facility,,,,,,,,,,,,,,
1396732244,VALLEY PROFESSIONAL PHARMACY LLC,234 E 1ST N,,REXBURG,ID,834401616,,Pharmacy,Community/Retail Pharmacy,Home Infusion Therapy Pharmacy,,,,,,,,,,,,
1528055324,INNOVATIVE CARE PHARMACY,9196 E EMERALD ST,STE 110,BOISE,ID,83704,2083231259,Long Term Care Pharmacy,,,,,,,,,,,,,,
1891783668,DEBLAQUIERE ENTERPRISES INC,1319 HIGHWAY 2,STE A,SANDPOINT,ID,838642711,2082639080,Durable Medical Equipment & Medical Supplies,Community/Retail Pharmacy,Compounding Pharmacy,,,,,,,,,,,,
1386632180,BENEWAH COMMUNITY HOSPITAL,229 S 8TH ST,,ST MARIES,ID,838611813,2082452591,Family Medicine,General Practice,,,,,,,,,,,,,
1437147279,HEALING SENSE,1075 N CURTIS RD,STE 100,BOISE,ID,837061300,2083775166,Family Medicine,,,,,,,,,,,,,,
1467440032,HELPING HANDS SANCTUARY OF IDAHO,2043 E. CENTER STREET,SUITE 212,POCATELLO,ID,832013300,2082334673,,,,,,,,,,,,,,,
1184612772,HAILEY SPORT AND SPINE PHYSICAL THERAPY PA,PO BOX 1693,810 S MAIN ST STE 7A,HAILEY,ID,833331693,2087886312,Physical Therapist,,,,,,,,,,,,,,
1669460093,VIC'S FAMILY PHARMACY INC,119 S VALLEY DR STE A,,NAMPA,ID,836862985,2089224400,Pharmacy,,,,,,,,,,,,,,
1710975057,FRUITLAND ORTHOPEDIC CLINIC,1118 NW 16TH ST,SUITE C,FRUITLAND,ID,836192271,2084522510,Orthopaedic Surgery,,,,,,,,,,,,,,
1316935513,AUDIOLOGICAL SERVICES INC,127 S WASHINGTON ST,SUITE 1,MOSCOW,ID,838432866,2088834242,Audiologist,,,,,,,,,,,,,,
1013905348,PERKINS & ASSOCIATES PA,111 S MAIN ST,PO BOX 335,HOMEDALE,ID,836283421,2083374900,Chiropractor,,,,,,,,,,,,,,
1255329405,VICS FAMILY PHARMACY INC,1513 12TH AVE RD,,NAMPA,ID,836866008,2084657000,Pharmacy,,,,,,,,,,,,,,
1356330922,LEWIS CLARK GASTROENTEROLOGY PLLC,1630 23RD AVE,SUITE 701,LEWISTON,ID,835016350,2082983002,Gastroenterology,,,,,,,,,,,,,,
1548259161,DERMATOLOGY OF EASTERN IDAHO PA,703 RIGBY LAKE DR,,RIGBY,ID,834425192,2087450200,Specialist,,,,,,,,,,,,,,
1043209505,PERSONAL CONNECTION HOME CARE,629 11TH AVE N,,BUHL,ID,833161505,2085438222,Home Health,,,,,,,,,,,,,,
1760471262,A WAY THROUGH COUNSELING CENTER INC,306 N SPOKANE ST,SUITE I,POST FALLS,ID,838547016,2087778500,Day Training/Habilitation Specialist,,,,,,,,,,,,,,
1679562011,DIVISION OF VETERANS SERVICES,821 21ST AVE,,LEWISTON,ID,835016389,2087993422,Skilled Nursing Facility,,,,,,,,,,,,,,
1902896772,DENTISTRY '4' CHILDREN PLLC,3326 4TH ST,SUITE 4,LEWISTON,ID,835014455,2087432505,Dentist,,,,,,,,,,,,,,
1669462362,MOUNTAIN VIEW HOSPITAL LLC,2325 CORONADO ST,,IDAHO FALLS,ID,834047407,2085572700,Hematology & Oncology,Pulmonary Disease,General Acute Care Hospital,,,,,,,,,,,,
1497745178,SOUTHERN IDAHO AMBULATORY SURGERY CENTER,115 FALLS AVE W,,TWIN FALLS,ID,83301,2087331662,Ambulatory Surgical,,,,,,,,,,,,,,
1780675512,HORIZON THERAPY SERVICES INC,440 FAIRFIELD ST N,,TWIN FALLS,ID,833016129,2087341430,Physical Therapist,Speech-Language Pathologist,,,,,,,,,,,,,
1295726842,SAINT ALPHONSUS NEPHROLOGY CENTER,5610 GAGE ST,SUITE B,BOISE,ID,837061349,2083673076,End-Stage Renal Disease (ESRD) Treatment,,,,,,,,,,,,,,
1205827813,MAGIC VALLEY PARAMEDICS L L C,PO BOX 2777,,BOISE,ID,837012777,2087065000,,,,,,,,,,,,,,,
1164413753,PORTNEUF NEPHROLOGY CENTER,5610 GAGE ST,,BOISE,ID,837061332,2083673076,End-Stage Renal Disease (ESRD) Treatment,,,,,,,,,,,,,,
1720079387,SAINT ALPHONSUS NEPHROLOGY,5610 GAGE ST,SUITE B,BOISE,ID,837061349,2083673076,End-Stage Renal Disease (ESRD) Treatment,,,,,,,,,,,,,,
1538150081,BONNEVILLE SCHOOL DIST #93,3549 N AMMON RD,,IDAHO FALLS,ID,834011301,2085254414,Registered Nurse,Physical Therapist,Occupational Therapist,Speech-Language Pathologist,,,,,,,,,,,
1912998261,CARIBOU MEMORIAL HOSPITAL,300 S 3RD W,,SODA SPRINGS,ID,832761559,2085473341,Critical Access,,,,,,,,,,,,,,
1114908993,RIVER CITY ANESTHESIA ASSOCIATES,E 4404 DEEPWATER CT,,HAYDEN LAKE,ID,83835,2087728168,Specialist,,,,,,,,,,,,,,
1780665463,RED CROSS PHARMACY INC,PO BOX 131,,KENDRICK,ID,835370131,,Pharmacy,Community/Retail Pharmacy,,,,,,,,,,,,,
1093796468,COEUR D' ALENE ANESTHESIA,1593 E POLSTON AVE,,POST FALLS,ID,838545326,2082622314,Specialist,,,,,,,,,,,,,,
1003898974,PEAK PERFORMANCE THERAPY SERVICES P C,3456 E 17TH ST,SUITE 130,AMMON,ID,834066757,2085230030,Physical Therapist,,,,,,,,,,,,,,
1639152739,CORNERSTONE PROFESSIONAL ASSOCIATES,8181 CORNERSTONE DR,,HAYDEN,ID,83835,2087720785,Family Medicine,,,,,,,,,,,,,,
1962485946,BANNOCK COUNTY AMBULANCE DISTRICT,408 E WHITMAN ST,,POCATELLO,ID,832016450,2082346200,Land Transport,,,,,,,,,,,,,,
1598748337,SOUTHWEST DISTRICT HEALTH,13307 MIAMI LN,,CALDWELL,ID,836074701,2084555305,Community Health,Public Health or Welfare,,,,,,,,,,,,,
1710960463,CDA HAND THERAPY & HEALING CENTER PA,2448 MERRITT CREEK LOOP,SUITE 2A,COEUR D ALENE,ID,838144953,2086642901,Physical Medicine & Rehabilitation,Occupational Therapist,,,,,,,,,,,,,
1114901535,ALAMEDA VISION INC.,1155 POCATELLO CREEK RD,,POCATELLO,ID,832012949,2082332020,Optometrist,,,,,,,,,,,,,,
1992789101,STATE OF IDAHO DEPARTMENT OF HEALTH AND WELFARE,700 E ALICE ST,PO BOX 400,BLACKFOOT,ID,832214925,2087851200,Psychiatric Hospital,,,,,,,,,,,,,,
1538144753,INLAND NORTHWEST FOOT AND ANKLE PC,1590 E POLSTON AVE,STE A,POST FALLS,ID,838545218,2087779794,Podiatrist,,,,,,,,,,,,,,
1740265420,PHARMEASE LLC,1790 SABIN DR,,AMMON,ID,834066747,2084973575,Pharmacy,Long Term Care Pharmacy,,,,,,,,,,,,,
1336125533,BEAR LAKE COUNTY MEMORIAL HOSPITAL,164 S 5TH ST,,MONTPELIER,ID,832541557,2088471630,Critical Access,,,,,,,,,,,,,,
1124005467,INTERMOUNTAIN EMERGENCY PHYSICIANS,PO BOX 1647,2860 CHANNING WAY SUITE 115,IDAHO FALLS,ID,834031647,2085354130,Emergency Medicine,,,,,,,,,,,,,,
1023096757,GOODING REHAB AND LIVING CENTER,1220 MONTANA ST,,GOODING,ID,833301856,2089345601,Intermediate Care Facility - Mental Illness,,,,,,,,,,,,,,
1093794703,MAGIC VALLEY REHABILITATION SERVICES INC,484 EASTLAND DRIVE SOUTH,,TWIN FALLS,ID,833017958,2087344112,Day Training - Developmentally Disabled Services,Psychiatric Hospital,,,,,,,,,,,,,
1437138203,PAUL V HAKES OD INC,PO BOX 1027,,MCCALL,ID,836381027,2086342232,Optometrist,,,,,,,,,,,,,,
1801875604,PHYSICAL THERAPY PLUS OF IDAHO PLLC,PO BOX 2182,180 W 1ST ST #101,KETCHUM,ID,833402182,2087255185,Physical Therapist,,,,,,,,,,,,,,
1740260892,LAKE HILLS MEDICAL ASSOC,1525 BURRELL DR,,LEWISTON,ID,835015827,2088161332,Family Medicine,,,,,,,,,,,,,,
1851371959,MOUNTAIN RIVER BIRTHING AND SURGERY CENTER LLC,350 N MERIDIAN ST,,BLACKFOOT,ID,832211625,2087820300,Special Hospital,,,,,,,,,,,,,,
1679553531,MINIDOKA MEMORIAL HOSPITAL,1224 8TH ST,,RUPERT,ID,833501527,2084360481,Medicare Defined Swing Bed Unit,Critical Access,,,,,,,,,,,,,
1205816626,BINGHAM MEMORIAL HOSPITAL,98 POPLAR ST,,BLACKFOOT,ID,832211758,2087854100,Critical Access,,,,,,,,,,,,,,
1114907532,IDAHO PHYSICIANS CLINIC,98 POPLAR ST,,BLACKFOOT,ID,832211758,2087853800,Rural Health,,,,,,,,,,,,,,
1083684906,OLSON'S MODERN DRUG CO.,762 WASHINGTON ST,,MONTPELIER,ID,832541422,2088470536,Community/Retail Pharmacy,,,,,,,,,,,,,,
1942270251,BRYAN J ANDERSON MD PC,1072 N LIBERTY ST,#201,BOISE,ID,837048706,2083772273,Surgery,,,,,,,,,,,,,,
1104896422,NORTH IDAHO PAIN CENTER LLC,1686 W RIVERSTONE DR,STE 2,COEUR D ALENE,ID,838145779,2086642363,Ambulatory Surgical,,,,,,,,,,,,,,
1740251925,ADA BOI INC,PO BOX 190480,,BOISE,ID,837190480,2083622973,Ambulance,Land Transport,,,,,,,,,,,,,
1669443420,SHAUNA T WILLIAMS MD PA,1072 N LIBERTY ST,#201,BOISE,ID,837048706,2083772273,Surgery,,,,,,,,,,,,,,
1053382770,ADVANCED INFUSION MEDICINE LLC,627 N FIVE MILE RD,,BOISE,ID,837138025,,Home Infusion Therapy Pharmacy,Specialty Pharmacy,,,,,,,,,,,,,
1275504896,BEACON HEALTH SERVICES INC,1200 HOSPITAL WAY,,POCATELLO,ID,832012708,2082322570,Psychiatric Hospital,,,,,,,,,,,,,,
1710959184,TETON VALLEY HOSPITAL & SURGICENTER,120 EAST HOWARD AVENUE,,DRIGGS,ID,834225112,2083542383,Critical Access,,,,,,,,,,,,,,
1467425249,INTERLAKE PHARMACY INC,700 W IRONWOOD DR,SUITE 159,COEUR D ALENE,ID,838142656,2086646664,Pharmacist,Durable Medical Equipment & Medical Supplies,,,,,,,,,,,,,
1063487791,366 MEDICAL GROUP,90 HOPE DRIVE BLDG 6000,366 MEDICAL GROUP SGSR,MOUNTAIN HOME AFB,ID,836481062,2088287470,Military/U.S. Coast Guard Outpatient,Military and U.S. Coast Guard Ambulatory Procedure,Military/U.S. Coast Guard Pharmacy,,,,,,,,,,,,
1629043252,PARK CENTER FOOT & ANKLE PA,230 W MALLARD DR,STE C,BOISE,ID,837063995,2083870900,Podiatrist,,,,,,,,,,,,,,
1790751378,ROBERT M CAHN MD PA,520 S EAGLE RD,STE 1239,MERIDIAN,ID,83642,2087065285,Surgery,,,,,,,,,,,,,,
1952377459,RADIOLOGY PHYSICIANS OF IDAHO,P.O. BOX 2580,1151 HOSPITAL WAY BLDG B,POCATELLO,ID,83201,2082331187,Diagnostic Radiology,,,,,,,,,,,,,,
1790751055,POCATELLO HOSPITAL LLC,777 HOSPITAL WAY,,POCATELLO,ID,832015175,2082391000,General Acute Care Hospital,,,,,,,,,,,,,,
1053387985,POST FALLS INTERNAL MEDICINE AND PEDIATRICS PA,1300 E MULLAN SUTE 1600,,POST FALLS,ID,83854,2087730721,Internal Medicine,,,,,,,,,,,,,,
1669449450,FAMILY HEALTH SERVICES CORPORATION,794 EASTLAND DRIVE,,TWIN FALL,ID,833016856,2087343312,Counselor,Psychologist,Clinical,Dentist,Dental Hygienist,Family Medicine,Federally Qualified Health Center (FQHC),Physician Assistant,Nurse Practitioner,,,,,,
1942277710,COEUR D ALENE PHYSICAL THERAPY AND SPORTS MEDICINE PA,1917 N LAKEWOOD DR,,COEUR D ALENE,ID,838142634,2086673583,Physical Therapist,,,,,,,,,,,,,,
1497723241,PATHOLOGY ASSOCIATES OF IDAHO FALLS,1820 E 17TH ST,STE 230,IDAHO FALLS,ID,834046469,2085299779,Anatomic Pathology & Clinical Pathology,,,,,,,,,,,,,,
1669440392,SOPERS MOBILITY AIDS LLC,PO BOX 2344,,HAYDEN,ID,83835,2087726474,Durable Medical Equipment & Medical Supplies,,,,,,,,,,,,,,
1871561449,LIFES CHOICES INC,PO BOX 5754,420 S ORCHARD,BOISE,ID,837050754,2083449228,Home Health,,,,,,,,,,,,,,
1023086493,LIFES DOORS HOSPICE INC,PO BOX 5754,420 S ORCHARD,BOISE,ID,837050754,2083446500,Hospice Care - Community Based,,,,,,,,,,,,,,
1447229174,THOMAS W WOODWARD OD PC,PO BOX 687,,EMMETT,ID,836170687,2083654531,Optometrist,,,,,,,,,,,,,,
1083674196,VISION CARE CENTER OF IDAHO LLC,3071 E FRANKLIN RD,SUITE 101,MERIDIAN,ID,836422376,2082881400,Ambulatory Surgical,,,,,,,,,,,,,,
1326009648,PUBLIC HEALTH DISTRICT 4,707 N ARMSTRONG PL,,BOISE,ID,837040825,2083755211,Public Health or Welfare,,,,,,,,,,,,,,
1306807441,CLINIC AT EAGLE LLC,PO BOX 9589,,BOISE,ID,837074589,2084728112,Family Medicine,,,,,,,,,,,,,,
1982665923,MEDICINE MAN WEST LLC,802 E MEDICAL CT,,POST FALLS,ID,838547298,,Community/Retail Pharmacy,Compounding Pharmacy,Mail Order Pharmacy,,,,,,,,,,,,
1578524575,VALLEY HOME OXYGEN,762 1/2 WASHINGTON ST,,MONTPELIER,ID,832541422,2088471700,Oxygen Equipment & Supplies,,,,,,,,,,,,,,
1386605236,IDAHO PAIN CENTER,8950 W EMERALD,STE 168,BOISE,ID,83704,2083236273,Pain Medicine,,,,,,,,,,,,,,
1730140682,IDAHO INTERVENTIONAL PAIN CENTER,8950 W EMERALD,STE 164,BOISE,ID,83704,2083236273,Pain Medicine,,,,,,,,,,,,,,
1023079092,NORTHERN IDAHO ADVANCED CARE HOSPITAL INC,600 N CECIL RD,,POST FALLS,ID,838546200,2082622800,Long Term Care Hospital,,,,,,,,,,,,,,
1518928282,GRANDMAS CARE HOME INC,PO BOX 191037,,BOISE,ID,837191037,2083629800,Assisted Living Facility,,,,,,,,,,,,,,
1821059528,BCS PA,5418 N EAGLE RD,SUITE 180,BOISE,ID,83713,2089383837,Adult Mental Health,Adolescent and Children Mental Health,,,,,,,,,,,,,
1982665428,OSBURN DRUG CO,PO BOX 2170,,OSBURN,ID,838492170,2085561139,Durable Medical Equipment & Medical Supplies,,,,,,,,,,,,,,
1720040132,TREASURE VALLEY HOSPITAL LIMITED PARTNERSHIP,8800 W EMERALD ST,,BOISE,ID,837048205,,Special Hospital,,,,,,,,,,,,,,
1992767800,WEST VALLEY LIFELINE SERVICES,1717 ARLINGTON AVE,,CALDWELL,ID,836054802,2084553754,Customized Equipment,,,,,,,,,,,,,,
1225090954,ST. JOSEPH HOSPITAL LLC,PO BOX 816,,LEWISTON,ID,835010816,2087432577,General Acute Care Hospital,,,,,,,,,,,,,,
1730142209,THE SLEEP INSTITUTE,2900 VALENCIA,,IDAHO FALLS,ID,83404,2085237667,Specialist,Oxygen Equipment & Supplies,,,,,,,,,,,,,
1336102318,DM MANAGEMENT PC,2321 E GALA ST,SUITE 1,MERIDIAN,ID,836424881,2088884321,Physical Therapy,,,,,,,,,,,,,,
1326002650,ASSOCIATES IN FAMILY PRACTICE PA,PO BOX 447,,GOODING,ID,83330,2089345900,Family Medicine,,,,,,,,,,,,,,
1811951841,BBPT INC,423 IDAHO ST STE A,,GOODING,ID,833301258,2089349011,Physical Therapist,,,,,,,,,,,,,,
1215992003,TREASURE VALLEY ANESTHESIA PC,PO BOX 2936,,IDAHO FALLS,ID,834032936,2085528773,Nurse Anesthetist - Certified Registered,,,,,,,,,,,,,,
1861457707,MOUNTAIN VIEW MEDICAL CENTER,3301 N SAWGRASS WAY,,BOISE,ID,837044493,2083750862,Family Medicine,,,,,,,,,,,,,,
1497711329,IDAHO PHYSICAL MEDICINE AND REHABILITATION PA,PO BOX 1128,,BOISE,ID,837011128,2084894016,Physical Medicine & Rehabilitation,Pain Medicine,,,,,,,,,,,,,
1457319246,DYNAMED INC,1404 W IDAHO ST,,BOISE,ID,837025210,2083225055,Durable Medical Equipment & Medical Supplies,,,,,,,,,,,,,,
1952359473,STANLEY J. WATERS MD,1673 SHORELINE DR,STE 100,BOISE,ID,837026736,2083220485,Orthopaedic Surgery,,,,,,,,,,,,,,
1528016292,GRITMAN HOME HEALTH & HOSPICE OF THE PALOUSE,700 S MAIN,,MOSCOW,ID,83843,2088836256,Home Health,,,,,,,,,,,,,,
1316995905,MERCY OUTPATIENT SURGERY CENTER,P.O. BOX 720,,NAMPA,ID,83653,2082884753,Ambulatory Surgical,,,,,,,,,,,,,,
1457309122,COMMUNITY HEALTH CLINICS INC,PO BOX 9,223TH AVENUE NORTH,NAMPA,ID,836530009,2084674431,Federally Qualified Health Center (FQHC),,,,,,,,,,,,,,
1316996523,WHEATON PEDIATRICS LLC,6445 E BRIMLEY DR,,NAMPA,ID,836874119,8434372545,Pediatrics,,,,,,,,,,,,,,
1194774109,DR STEVEN F NIELSEN DDS PA,PO BOX 525,,SHELLEY,ID,832740525,2083577611,Dentist,,,,,,,,,,,,,,
1609825298,SURGERY CENTER OF IDAHO LLC,2855 E MAGIC VIEW DR,,MERIDIAN,ID,836426245,2086394900,Ambulatory Surgical,,,,,,,,,,,,,,
1366492084,SAINT ALPHONSUS PHYSICIAN SERVICES INC,3340 E GOLDSTONE WAY,,MERIDIAN,ID,836421026,2083675170,Family Medicine,Physician Assistant,Nurse Practitioner,,,,,,,,,,,,
1902856727,ST BENEDICTS FAMILY MEDICAL CENTER,709 N LINCOLN AVE,,JEROME,ID,833381851,2083240422,Skilled Nursing Facility,,,,,,,,,,,,,,
1932159696,MAGIC VALLEY ANESTHESIOLOGY ASSOCIATES,PO BOX 1657,,TWIN FALLS,ID,833031657,2087347362,Anesthesiology,,,,,,,,,,,,,,
1609826270,ONEIDA COUNTY HOSPITAL,150 N 200 W,,MALAD,ID,832521239,2087662231,Critical Access,,,,,,,,,,,,,,
1144271131,IDX PATHOLOGY PA,PO BOX 9589,,BOISE,ID,837074589,2084728107,Clinical Medical Laboratory,,,,,,,,,,,,,,
1669423679,INTERMOUNTAIN MEDICAL IMAGING LLC,PO BOX 9649,,BOISE,ID,837074649,2084728101,Diagnostic Radiology,,,,,,,,,,,,,,
1932151321,BONNER COUNTY EMS,521 N 3RD AVE,,SANDPOINT,ID,838641506,2082552194,Ambulance,,,,,,,,,,,,,,
1982656096,SHOPKO STORES OPERATING CO. LLC,8105 FAIRVIEW AVE,,BOISE,ID,837048486,2083239303,Optician,Eyewear Supplier (Equipment - not the service),,,,,,,,,,,,,
1558313528,SCHOLES AND SCHOLES DERMATOLOGY,526 SHOUP AVE W,SUITE A,TWIN FALLS,ID,833016050,2087345555,Dermatology,,,,,,,,,,,,,,
1043262082,ONEIDA COUNTY HOSPITAL PHYSICIANS GROUP,150 N 200 W,,MALAD,ID,832521239,2087662231,Emergency Medicine,,,,,,,,,,,,,,
1841244407,PEAK MEDICAL OF IDAHO LLC,674 EASTLAND DR,,TWIN FALLS,ID,833016846,2087344264,Skilled Nursing Facility,,,,,,,,,,,,,,
1124072798,VALLEY PATHOLOGY ASSOCIATES LLC,PO BOX 553,,TWIN FALLS,ID,833030553,2087360887,Anatomic Pathology,,,,,,,,,,,,,,
1063466225,BOISE PATHOLOGY GROUP P.A.,PO BOX 9589,,BOISE,ID,837074589,2084728104,Cytopathology,Dermatopathology,Hematology,Anatomic Pathology & Clinical Pathology,,,,,,,,,,,
1659325132,PEAK MEDICAL IDAHO OPERATIONS LLC,660 S 2ND W,,REXBURG,ID,834402300,2083560220,Skilled Nursing Facility,,,,,,,,,,,,,,
1992759930,IDAHO SURGICENTER INC,PO BOX 2067,,POCATELLO,ID,832062067,2082386337,Foot & Ankle Surgery,Ambulatory Surgical,Durable Medical Equipment & Medical Supplies,,,,,,,,,,,,
1083668099,WILLIAMS CHIRO MED INC,1961 BROADWAY AVENUE,,BOISE,ID,83706,2083441851,Chiropractor,,,,,,,,,,,,,,
1750336608,SYRINGA GENERAL HOSPITAL DISTRICT CIF,607 W MAIN ST,,GRANGEVILLE,ID,835301345,2089831700,Critical Access,Land Transport,,,,,,,,,,,,,
1295780815,SHOPKO STORES OPERATING CO LLC,2100 CALDWELL BLVD,,NAMPA,ID,836511510,2084669616,Durable Medical Equipment & Medical Supplies,Eyewear Supplier (Equipment - not the service),Pharmacy,Community/Retail Pharmacy,,,,,,,,,,,
1871548669,JENSEN EYE ASSOCIATES PLLC,1615 12TH AVE RD,STE A,NAMPA,ID,836866184,2084673271,Ophthalmology,,,,,,,,,,,,,,
1205881851,ICA CATH LAB LLC,6140 W CURTISIAN,STE 300,BOISE,ID,83704,,Internal Medicine,,,,,,,,,,,,,,
1689629917,MRI LIMITED PARTNERSHIP,PO BOX 9589,,BOISE,ID,837074589,2084728105,Magnetic Resonance Imaging,,,,,,,,,,,,,,
1881649234,MRI MOBILE HOLDINGS LIMITED PARTNERSHIP,6225 N MEEKER PLACE,SUITE 130,BOISE,ID,837131579,2089477002,Physiological Laboratory,,,,,,,,,,,,,,
1811942188,DERMATOLOGY CLINIC OF IDAHO,7733 W EMERALD ST,,BOISE,ID,837049020,2083763220,Dermatology,,,,,,,,,,,,,,
1346295623,IDAHO CARDIOLOGY ASSOCIATES PA,6140 W CURTISIAN,STE 200,BOISE,ID,83704,2083221680,Cardiovascular Disease,Clinical Cardiac Electrophysiology,Interventional Cardiology,,,,,,,,,,,,
1225083520,VIRTUAL RADIOLOGY ASSOCIATES LLC,PO BOX 9649,,BOISE,ID,837074649,2084728113,Neuroradiology,Diagnostic Radiology,Vascular & Interventional Radiology,,,,,,,,,,,,
1649225616,CALDWELL INTERNAL MEDICINE PROFESSIONAL ASSOCIATION,211 E LOGAN ST,SUITE 303,CALDWELL,ID,836054835,2084594667,Internal Medicine,,,,,,,,,,,,,,
1083660021,CHERRY LANE DENTAL,1104 W CHERRY LN,,MERIDIAN,ID,836421513,2088887889,Point of Service,,,,,,,,,,,,,,
1093761082,ACME MARKETS INC,250 E PARKCENTER BLVD,MAILSTOP SEC2-B,BOISE,ID,837063940,,,,,,,,,,,,,,,,
1720034721,ALBERTSONS LLC,250 E PARKCENTER BLVD,MAILSTOP SEC2-B,BOISE,ID,837063940,2083953436,,,,,,,,,,,,,,,
1922054840,AMERICAN DRUG STORES LLC,250 E PARKCENTER BLVD,MAILSTOP SEC2-B,BOISE,ID,837063940,,,,,,,,,,,,,,,,
1770539694,COMPLETE CARE AUDIOLOGY INC.,13176 PERSIMMON LN,# 120,BOISE,ID,837131986,2083763591,Audiologist,,,,,,,,,,,,,,
1831145838,SHAWS SUPERMARKETS INC,250 E PARKCENTER BLVD,MAILSTOP SEC2-B,BOISE,ID,837063940,,,,,,,,,,,,,,,,
1689620692,IDAHO UROLOGIC INSTITUTE PA,2855 E MAGIC VIEW DR,,MERIDIAN,ID,836426245,2086394900,Urology,,,,,,,,,,,,,,
1679529432,TIGER LILI LLC,1404 W IDAHO STREET,#102,BOISE,ID,837025245,2083313433,Durable Medical Equipment & Medical Supplies,,,,,,,,,,,,,,
1952357584,POST FALLS FAMILY MEDICINE P.A.,1220 E POLSTON AVE,,POST FALLS,ID,838546056,2087731577,Family Medicine,,,,,,,,,,,,,,
1548216070,STAR MARKETS COMPANY INC,250 E PARKCENTER BLVD,MAILSTOP SEC2-B,BOISE,ID,837063940,,,,,,,,,,,,,,,,
1760438063,SUNBRIDGE HEALTHCARE LLC,501 W IDAHO BLVD,,EMMETT,ID,836179694,2083653597,Skilled Nursing Facility,,,,,,,,,,,,,,
1760438964,BLAINE MANOR,PO BOX 927,,HAILEY,ID,833330927,2085783504,Skilled Nursing Facility,,,,,,,,,,,,,,
1750337978,PEDIATRIC NEUROSURGRY OF IDAHO PC,6140 CURTISIAN AVE,SUITE 400,BOISE,ID,837048880,2083673500,Neurological Surgery,,,,,,,,,,,,,,
1821044330,NEW ALBERTSONS INC,1295 PARKWAY DR,,BLACKFOOT,ID,832211683,,Pharmacy,Community/Retail Pharmacy,,,,,,,,,,,,,
1770539298,IDAHO ARTHRITIS & OSTEOPOROSIS CENTER PC,3277 E LOUISE DR,SUITE 350,MERIDIAN,ID,836429359,2088879500,Legal Medicine,,,,,,,,,,,,,,
1679529101,AMERICAN PARTNERS LP,250 E PARKCENTER BLVD,MAILSTOP SEC2-B,BOISE,ID,837063940,,,,,,,,,,,,,,,,
1902853096,VALLEY MEDICAL SHOPPE INC,146 N 2ND E,,REXBURG,ID,834401620,2083567913,Oxygen Equipment & Supplies,,,,,,,,,,,,,,
1396792305,SAWTOOTH DIAGNOSTIC IMAGING PLLC,PO BOX 9649,,BOISE,ID,837074649,2084728125,Neuroradiology,Diagnostic Radiology,Vascular & Interventional Radiology,,,,,,,,,,,,
1881641629,WEISER VALLEY HOSPITAL DISTRICT,645 E. 5TH ST.,,WEISER,ID,836722202,2085490370,Critical Access,,,,,,,,,,,,,,
1689621294,APN SOLUTIONS LLC,2450 E 25TH ST,SUITE C,IDAHO FALLS,ID,834047577,2085233436,Family,,,,,,,,,,,,,,
1083661508,GEM STATE RADIOLOGY LLP,PO BOX 9649,,BOISE,ID,837074649,2084728100,Diagnostic Radiology,,,,,,,,,,,,,,
1003863457,ACTION THERAPY,3090 E GENTRY WAY,STE 250,MERIDIAN,ID,836423501,2088880044,Physical Therapist,,,,,,,,,,,,,,
1639116627,COUNSELING CENTER OF SOUTHEAST IDAHO,496 A ST,,IDAHO FALLS,ID,834023617,2085527100,Public Health or Welfare,,,,,,,,,,,,,,
1982641882,DONALD G PICA MD PA,660 SHOSHONE ST E,SUITE 210,TWIN FALLS,ID,833016110,2087323236,Rheumatology,,,,,,,,,,,,,,
1306883244,BOUNDARY REGIONAL COMMUNITY HEALTH CENTER INC,30410 HIGHWAY 200,,PONDERAY,ID,838529601,2082633410,Family Medicine,Federally Qualified Health Center (FQHC),,,,,,,,,,,,,
1902843428,NAI SATURN EASTERN LLC,250 E PARKCENTER BLVD,MAILSTOP SEC2-B,BOISE,ID,837063940,2083953920,,,,,,,,,,,,,,,
1164469870,ST LUKES MAGIC VALLEY REGIONAL MEDICAL CENTER LTD,PO BOX 2777,,BOISE,ID,837012777,2087065000,,,,,,,,,,,,,,,
1902843485,CT DERM PC,811 NW 12TH ST,,FRUITLAND,ID,836192268,2084527450,Dermatology,,,,,,,,,,,,,,
1134166820,ST. LUKE'S MAGIC VALLEY REGIONAL MEDICAL CENTER LTD,PO BOX 2777,,BOISE,ID,837012777,2088147400,,,,,,,,,,,,,,,
1952348641,ST LUKES MAGIC VALLEY REGIONAL MEDICAL CENTER,PO BOX 409,,TWIN FALLS,ID,833030409,2088147459,Skilled Nursing Facility,,,,,,,,,,,,,,
1316984834,UNITED SUPERMARKETS LLC,250 E PARKCENTER BLVD,MAILSTOP SEC2-B,BOISE,ID,837063940,,,,,,,,,,,,,,,,
1194762815,PEAK MEDICAL OF BOISE LLC,8211 W USTICK RD,,BOISE,ID,837045756,2083753700,Skilled Nursing Facility,,,,,,,,,,,,,,
1407893993,PATHOLOGISTS REGIONAL LABORATORY,415 6TH ST,,LEWISTON,ID,835012431,2087460516,Clinical Medical Laboratory,,,,,,,,,,,,,,
1073551396,CLEARWATER VALLEY HOSPITAL & CLINICS INC,301 CEDAR ST,,OROFINO,ID,835449029,2084764555,Family Medicine,Physician Assistant,,,,,,,,,,,,,
1639116908,BALANCED HEALTH PC,496 SHOUP AVE W,,TWIN FALLS,ID,833015043,2087336677,Family Medicine,,,,,,,,,,,,,,
1013955178,ORTHOPEDIC HEALTH CARE INCORPORATED,PO BOX 9515,,BOISE,ID,837079515,2082870203,Sports Medicine,,,,,,,,,,,,,,
1770521817,ST. MARY'S HOSPITAL INC,PO BOX 539,,CRAIGMONT,ID,835230539,2089245504,Family Medicine,Family,,,,,,,,,,,,,
1386681781,CLEARWATER HEALTHCARE LLC,1204 SHRIVER RD,,OROFINO,ID,835449033,2084764568,Skilled Nursing Facility,,,,,,,,,,,,,,
1073550489,PINEWOOD HEALTHCARE LLC,2514 N 7TH ST,,COEUR D ALENE,ID,838143720,2086648128,Skilled Nursing Facility,,,,,,,,,,,,,,
1881631208,INTERMOUNTAIN CHIROPRACTIC,5515 OVERLAND RD,,BOISE,ID,837052728,2083763111,Chiropractor,,,,,,,,,,,,,,
1962440966,ANESTHESIA ASSOCIATES OF COEUR D ALENE PLLC,212 W IRONWOOD DR STE D,#287,COEUR D ALENE,ID,838141403,2087658585,Anesthesiology,Nurse Anesthetist - Certified Registered,,,,,,,,,,,,,
1386682292,TREASURE VALLEY CHIROPRACTIC PLLC,49 N PALMETTO AVE,SUITE 150,EAGLE,ID,836165149,2089388828,Chiropractor,,,,,,,,,,,,,,
1891733747,CLEARWATER VALLEY HOSPITAL & CLINIC INC,201 THENON ST,,KOOSKIA,ID,83539,2089267801,Family Medicine,Physician Assistant,,,,,,,,,,,,,
1205874914,THERAPEUTIC SHOES INC,718 BEULAHS LANE,,IDAHO FALLS,ID,83401,2085241995,Podiatrist,Durable Medical Equipment & Medical Supplies,,,,,,,,,,,,,
1427096148,WILLIAM C FITZHUGH MD PA,1415 PARKVIEW DR,,TWIN FALLS,ID,833013250,2087348934,Ophthalmology,,,,,,,,,,,,,,
1073551560,PEAK PHYSICAL THERAPY PC,7550 W EMERALD ST STE 101,,BOISE,ID,837049015,2083750666,Physical Therapist,,,,,,,,,,,,,,
