1043213093,HOME I V SPECIALISTS INC,824 COBB ST,,JONESBORO,AR,724014110,8709721677,Durable Medical Equipment & Medical Supplies,Home Infusion Therapy Pharmacy,Specialty Pharmacy,,,,,,,,,,,,
1073516019,DREW COUNTY MEMORIAL HOSPITAL,778 SCOGIN DR,,MONTICELLO,AR,716555729,8703672411,General Acute Care Hospital,,,,,,,,,,,,,,
1871596916,FORT SMITH REGIONAL DIALYSIS CENTER LLC,2201 BROOKEN HILL DR,,FORT SMITH,AR,729088611,4797556700,End-Stage Renal Disease (ESRD) Treatment,,,,,,,,,,,,,,
1720081607,MICHAEL J. SCHMIDT MD,5 MEDICAL PARK PLACE,STE 308,BENTON,AR,720153745,,Specialist,,,,,,,,,,,,,,
1265435002,ST. BERNARDS BEHAVIORAL HEALTH,2712 E JOHNSON AVE,,JONESBORO,AR,724011874,8709322800,Psychiatric Hospital,,,,,,,,,,,,,,
1447253273,KILGORE VISION CENTER,PO BOX 444,,MOUNTAIN HOME,AR,726540444,8704244900,Specialist,,,,,,,,,,,,,,
1992708804,COUNTY OF LOGAN,PO BOX 467,,PARIS,AR,728550467,4799632723,Land Transport,,,,,,,,,,,,,,
1154324796,BATESVILLE FAMILY PRACTICE CLINIC PA,1215 SIDNEY ST,STE 300,BATESVILLE,AR,725017201,8707931126,Family Medicine,,,,,,,,,,,,,,
1124021811,LEO N LEVI MEMORIAL HOSPITAL ASSOCIATION,300 PROSPECT AVE,,HOT SPRINGS,AR,719014003,5016241281,General Acute Care Hospital,,,,,,,,,,,,,,
1477556926,DEBBIES FAMILY PHARMACY INC,5403 W PINNACLE POINTE DR,,ROGERS,AR,727588118,4792716300,Pharmacy,Community/Retail Pharmacy,,,,,,,,,,,,,
1790787042,SOUTHERN HOME HEALTHCARE INC,710 WINDOVER RD,STE B,JONESBORO,AR,724016064,8709320990,Oxygen Equipment & Supplies,,,,,,,,,,,,,,
1811991193,HEALTHWAY INC,PO BOX 804,,ROGERS,AR,727570804,4796216151,,,,,,,,,,,,,,,
1609870658,LITTLE RIVER NURSING HOME,PO BOX 69,,ASHDOWN,AR,718220069,8708985101,Skilled Nursing Facility,,,,,,,,,,,,,,
1851395792,GASTROENTEROLOGY ASSOCIATES PA,409 N UNIVERSITY AVE,,LITTLE ROCK,AR,722053108,5016646980,Specialist,,,,,,,,,,,,,,
1831193531,UNIVERSITY OF ARKANSAS FOR MEDICAL SCIENCES,612 S 12TH ST,,FORT SMITH,AR,729014702,4797852431,Family Medicine,,,,,,,,,,,,,,
1578567111,CROSSETT HEALTH FOUNDATION,PO BOX H,,CROSSETT,AR,716351808,8703649519,Rural Health,,,,,,,,,,,,,,
1386648855,VOLUNTEER AMBULANCE SERVICE OF NE BENTON COUNTY,PO BOX 102,,GARFIELD,AR,727320102,4793593889,Emergency Medical Technician - Basic,,,,,,,,,,,,,,
1669476099,AFFORDABLE HOME HEALTH CARE INC,501 W KINGSHIGHWAY,,PARAGOULD,AR,724504234,8702390997,Oxygen Equipment & Supplies,,,,,,,,,,,,,,
1184629594,DARDANELLE HOSPITAL YELL COUNTY,PO BOX 578,,DARDANELLE,AR,728340578,4792294677,Critical Access,,,,,,,,,,,,,,
1093710220,OZARK LASER AND SURGERY CENTER,2070 MCKENZIE RD,STE B,SPRINGDALE,AR,727620747,4797514743,Ambulatory Surgical,,,,,,,,,,,,,,
1518962760,FORT SMITH DIALYSIS SUPPLY COMPANY,1506 DODSON AVE,,FORT SMITH,AR,729015128,4797096828,Dialysis Equipment & Supplies,,,,,,,,,,,,,,
1689679169,PHYSICIANS NETWORK INC.,PO BOX 309,,JACKSONVILLE,AR,720780309,5019855900,Family Medicine,Internal Medicine,,,,,,,,,,,,,
1962408948,PAMELA L COOK,805 E MAIN ST,,RUSSELLVILLE,AR,728015249,4798905933,Durable Medical Equipment & Medical Supplies,,,,,,,,,,,,,,
1689670457,AMYCO INC,700 LEXINGTON AVE,,FORT SMITH,AR,729014738,4797822881,Pharmacy,,,,,,,,,,,,,,
1720084429,ARKANSAS OPEN MRI,301 N SHACKLEFORD RD,STE B4,LITTLE ROCK,AR,722112882,5013129990,Diagnostic Radiology,,,,,,,,,,,,,,
1710983424,WESTSIDE OPEN MRI DIAGNOSTIC CENTER LLC,301 N SHACKLEFORD RD,STE B4,LITTLE ROCK,AR,722112882,5013129990,Diagnostic Radiology,,,,,,,,,,,,,,
1871599613,EAST ARKANSAS FAMILY HEALTH CENTER INC.,900 N 7TH ST,,WEST MEMPHIS,AR,723012001,8707353842,Dental,Federally Qualified Health Center (FQHC),Clinic Pharmacy,,,,,,,,,,,,
1528064367,SUPER D DRUG ACQUISITION CO.,1430 W 1ST ST N,,PRESCOTT,AR,718573339,8708872717,Pharmacy,,,,,,,,,,,,,,
1033115613,HOSPICE OF THE OZARKS,701 BURNETT DR,,MOUNTAIN HOME,AR,726532944,8705081771,Hospice Care - Community Based,,,,,,,,,,,,,,
1053318485,BLM CO. INC.,501 HUDSON ST,,EL DORADO,AR,717306573,8708625511,Skilled Nursing Facility,,,,,,,,,,,,,,
1295732717,ROTHROCK DRUG COMPANY INC,PO BOX 424,,BLYTHEVILLE,AR,723160424,8707634451,Pharmacy,Community/Retail Pharmacy,,,,,,,,,,,,,
1568469930,PLEASANT MANOR NURSING HOME LLC,950 HOMESTEAD DR,,ASHDOWN,AR,718224304,8708985001,Skilled Nursing Facility,,,,,,,,,,,,,,
1780681932,FUTRELL PHARMACY INC,115 E BROADWAY ST,,POCAHONTAS,AR,724553402,8708925616,Durable Medical Equipment & Medical Supplies,Parenteral & Enteral Nutrition,Pharmacy,,,,,,,,,,,,
1902803042,BARI INC,1807 WOODSPRINGS RD,,JONESBORO,AR,724010903,8709728310,Durable Medical Equipment & Medical Supplies,Pharmacy,Community/Retail Pharmacy,Long Term Care Pharmacy,,,,,,,,,,,
1497753198,BENTON PEDIATRIC CLINIC,115 MCNEIL ST,,BENTON,AR,720153345,5013150421,Primary Care,,,,,,,,,,,,,,
1205834900,MCGEHEE DESHA COUNTY HOSPITAL,PO BOX 351,900 SOUTH 3RD STREET,MCGEHEE,AR,716542562,8702225600,Critical Access,,,,,,,,,,,,,,
1366449068,TERESA WHITE,1606 WEST 4TH STREET,,FORDYCE,AR,717421904,8703523338,Durable Medical Equipment & Medical Supplies,,,,,,,,,,,,,,
1306843016,BAKER DRUG COMPANY,924 FRONT ST,,CONWAY,AR,720324304,5013295626,Pharmacy,Community/Retail Pharmacy,,,,,,,,,,,,,
1346247210,LEWIS COOK DRUG STORE INC,PO BOX L,,CARLISLE,AR,720241512,8705527837,Pharmacy,Community/Retail Pharmacy,Long Term Care Pharmacy,,,,,,,,,,,,
1003814609,REGIONAL FAMILY MEDICINE PA,630 BURNETT DR,,MOUNTAIN HOME,AR,726532941,8704256971,Family Medicine,,,,,,,,,,,,,,
1265430508,SILOAM SPRINGS MEMORIAL HOSPITAL,205 E JEFFERSON ST,,SILOAM SPRINGS,AR,727613629,4795244141,General Acute Care Hospital,,,,,,,,,,,,,,
1205834348,ACTION EMS,PO BOX 589,,MOUNTAIN HOME,AR,726540589,8704258007,Ambulance,,,,,,,,,,,,,,
1215935234,UNIV. OF ARK FOR MED SCIENCES,300 EAST 6TH ST,,TEXARKANA,AR,718545207,8707796000,Family Medicine,,,,,,,,,,,,,,
1346248317,MAGNOLIA REGIONAL MEDICAL CENTER,PO BOX 629,,MAGNOLIA,AR,717540629,8702353000,General Acute Care Hospital,,,,,,,,,,,,,,
1497753461,VILONIA DRUG INC,PO BOX 145,,VILONIA,AR,721730145,,Durable Medical Equipment & Medical Supplies,Pharmacy,Community/Retail Pharmacy,,,,,,,,,,,,
1922006790,BOONEVILLE FAMILY CLINIC,PO BOX 110,128 DANIEL AVE,BOONEVILLE,AR,729270110,4796752455,Family Medicine,,,,,,,,,,,,,,
1174522841,SHARE FOUNDATION,2301 CHAMPAGNOLLE ROAD,,EL DORADO,AR,717304816,8708620337,Hospice Care - Community Based,Hospice - Inpatient,,,,,,,,,,,,,
1699774208,COLLIER DRUG STORES INC,PO BOX 1085,,FAYETTEVILLE,AR,727021085,4794426262,Community/Retail Pharmacy,Compounding Pharmacy,Long Term Care Pharmacy,,,,,,,,,,,,
1578562195,GRIFFINS PHARMACY INC,239 MAIN ST,,STAMPS,AR,718602827,8705334351,Pharmacy,Community/Retail Pharmacy,,,,,,,,,,,,,
1194724658,LAWRENCE MEMORIAL HOSPITAL,PO BOX 839,,WALNUT RIDGE,AR,724760839,8708861200,Critical Access,,,,,,,,,,,,,,
1366441776,CHILDERS MANAGEMENT,3130 EAST RACE AVENUE,SUITE 150,SEARCY,AR,721434990,5012784800,Pharmacy,,,,,,,,,,,,,,
1508865965,FAYETTEVILLE WOMEN'S CLINIC,1011 N COLLEGE AVE,,FAYETTEVILLE,AR,727012012,4794428166,Gynecology,,,,,,,,,,,,,,
1902805260,CHN ENTERPRISES INC,2806 E RACE AVE,,SEARCY,AR,721434776,5012684121,Durable Medical Equipment & Medical Supplies,Pharmacy,Community/Retail Pharmacy,Long Term Care Pharmacy,,,,,,,,,,,
1801895842,COLLIER PHARMACY LLC,111 S COURT SQ,,MAGNOLIA,AR,717533511,8702342011,Durable Medical Equipment & Medical Supplies,Pharmacy,Community/Retail Pharmacy,,,,,,,,,,,,
1053311969,POWER PHARMACY,PO BOX 147,,NASHVILLE,AR,718520147,8708451413,Pharmacy,,,,,,,,,,,,,,
1780684431,ST VINCENT INFIRMARY MEDICAL CENTER,TWO ST VINCENT CIRCLE,,LITTLE ROCK,AR,722055499,5015523000,General Acute Care Hospital,Special Hospital,,,,,,,,,,,,,
1801896410,HOT SPRINGS MRI CENTER,1 MERCY LN,SUITE 104,HOT SPRINGS,AR,719136442,5016239100,Magnetic Resonance Imaging,,,,,,,,,,,,,,
1497755946,SOOS DRUG INC,2822 E NETTLETON AVE,,JONESBORO,AR,724014531,8709326930,Pharmacy,Community/Retail Pharmacy,Compounding Pharmacy,,,,,,,,,,,,
1366442725,SEAL'S PHARMACY,138 S 2ND AVE,,PIGGOTT,AR,724542642,8705983373,Pharmacy,,,,,,,,,,,,,,
1629078605,LEMONS PRESCRIPTION SHOP LLC,1713 E HARDING ST,PO BOX 709,MORRILTON,AR,721104507,5013543318,Pharmacy,Community/Retail Pharmacy,,,,,,,,,,,,,
1821098880,COLLIER PHARMACY SERVICES,PO BOX 1085,,FAYETTEVILLE,AR,727021085,4794426262,Long Term Care Pharmacy,,,,,,,,,,,,,,
1962403956,ROLAND HOLLIS MD,400 HIGHWAY 49 N,SUITE 2,PARAGOULD,AR,724504007,8702361014,Family Medicine,,,,,,,,,,,,,,
1992706824,DALLAS COUNTY NURSING HOME,203 N CLIFTON ST,,FORDYCE,AR,717423026,8703523625,Skilled Nursing Facility,,,,,,,,,,,,,,
1326049131,GIBSON'S PHARMACY OF JONESBORO INC,403 E MATTHEWS AVE,,JONESBORO,AR,724013142,8709729125,Pharmacy,,,,,,,,,,,,,,
1881695633,DRS BLUE & CORBIN P. A.,PO BOX 159,,SEARCY,AR,721450159,5012682441,Surgery,,,,,,,,,,,,,,
1891796538,J MICHAEL STANDEFER MD PA,520 LEXINGTON AVE,,FORT SMITH,AR,729014641,4797853400,Neurological Surgery,,,,,,,,,,,,,,
1013918739,FRED Y MURPHY MD PA,1010 N DUDNEY RD,STE C,MAGNOLIA,AR,717532624,,Internal Medicine,,,,,,,,,,,,,,
1568463107,SUPER D DRUGS ACQUISITION CO.,803 HIGHWAY 71 N,,MENA,AR,719534367,4793946363,Pharmacy,Community/Retail Pharmacy,,,,,,,,,,,,,
1295736825,PLASTIC AND RECONSTRUCTIVE SURGERY ASSOCIATES,11300 N RODNEY PARHAM RD,SUITE 210,LITTLE ROCK,AR,722124153,5016634100,Specialist,,,,,,,,,,,,,,
1275534513,CHAPEL PHARMACY INC,3800 CAMDEN RD,SUITE #1,PINE BLUFF,AR,716038480,8708791490,Pharmacy,,,,,,,,,,,,,,
1861493447,HAMPTON MEDICAL PHARMACY,PO BOX 719,,HAMPTON,AR,717440719,,Pharmacy,Community/Retail Pharmacy,,,,,,,,,,,,,
1457352882,BEC SURGERY CENTER,PO BOX 21850,,HOT SPRINGS,AR,719031850,5016271800,Ambulatory Surgical,,,,,,,,,,,,,,
1780685099,WOODARD DRUG INC.,PO BOX 1470,210 E. BROADWAY,GLENWOOD,AR,719431470,8703562193,Durable Medical Equipment & Medical Supplies,Pharmacy,,,,,,,,,,,,,
1841291150,CITY PHARMACY,1801 BROADWAY ST,,LITTLE ROCK,AR,722061222,5013746565,Pharmacy,,,,,,,,,,,,,,
1154322261,BARBARA GRAVES INTIMATE FASHIONS,10301 N RODNEY PARHAM RD,,LITTLE ROCK,AR,722274832,5012275537,Prosthetic/Orthotic Supplier,,,,,,,,,,,,,,
1679574727,WOODRUFF COUNTY HEALTH CENTER,HWY 64 W,# 139,MC CRORY,AR,721018223,8707312543,Assisted Living Facility,Nursing Facility/Intermediate Care Facility,,,,,,,,,,,,,
1215939913,GOLDEN CARE INC.,323 S CROSS ST,SUITE B,LITTLE ROCK,AR,722011911,5013724405,Durable Medical Equipment & Medical Supplies,,,,,,,,,,,,,,
1124010368,JONES PHYSICAL THERAPY PLC,1425 N MAIN ST,,HARRISON,AR,726012214,8707414500,Physical Therapist,,,,,,,,,,,,,,
1457353914,LITTLE RIVER MEMORIAL HOSPITAL,451 W LOCKE ST,,ASHDOWN,AR,718223325,8708985011,General Practice,,,,,,,,,,,,,,
1023000981,ARKANSAS STATE UNIVERSITY ATHLETIC TRAINING,2 U STREET,,JONESBORO,AR,72401,8709723342,Athletic Trainer,,,,,,,,,,,,,,
1841282662,WOODLANDS PHARMACY INC,7197 SHERIDAN RD STE 109,,WHITE HALL,AR,716023261,8702473900,Durable Medical Equipment & Medical Supplies,Pharmacy,Community/Retail Pharmacy,,,,,,,,,,,,
1225020852,THE DERMATOLOGY CLINIC PA,3633 CENTRAL AVE,STE N,HOT SPRINGS,AR,719136404,5016236100,Dermatology,,,,,,,,,,,,,,
1588656029,CONTACT LENS & VISION CARE ASSOCS.,4450 E MCCAIN BLVD,,N LITTLE ROCK,AR,721172519,5019453460,Optometrist,,,,,,,,,,,,,,
1669464079,HERITAGE PHYSICIAN GROUP,PO BOX 21850,,HOT SPRINGS,AR,719031850,5016271800,Family Medicine,,,,,,,,,,,,,,
1043202476,WEBBER MEDICAL COMPLEX,328 KITTLE RD,,FORREST CITY,AR,723352960,8706330220,Family Medicine,,,,,,,,,,,,,,
1194718411,TWIN CITY DRUGS INC,109 HICKORY HILLS DR,,HELENA,AR,723422301,8703388351,Durable Medical Equipment & Medical Supplies,Pharmacy,Community/Retail Pharmacy,Long Term Care Pharmacy,,,,,,,,,,,
1508859737,WYNNE APOTHECARY INC,PO BOX 361,411 S FALLS BLVD,WYNNE,AR,723960361,8702388511,Pharmacy,Community/Retail Pharmacy,Compounding Pharmacy,Long Term Care Pharmacy,,,,,,,,,,,
1619960440,G FRIEND DDS MS & M WILSON DDS MS PA,PO BOX 11020,,CONWAY,AR,720340018,5017300375,Pediatric Dentistry,,,,,,,,,,,,,,
1598758153,OUTPATIENT SURGERY CENTER OF JONESBORO LLC,1100 E MATTHEWS AVE,,JONESBORO,AR,724014314,8709358500,Ambulatory Surgical,,,,,,,,,,,,,,
1033102769,CITY PHARMACY OF RISON,PO BOX 387,,RISON,AR,716650387,,Pharmacy,Community/Retail Pharmacy,,,,,,,,,,,,,
1558354944,CONWAY ORTHOPAEDIC AND SPORTS MEDICINE CLINIC,550 CLUB LANE,SUITE1,CONWAY,AR,720343681,5013291510,Orthopaedic Surgery,Podiatrist,Durable Medical Equipment & Medical Supplies,,,,,,,,,,,,
1083608319,MEDIC PHARMACY,347 W OAK STREET,,EL DORADO,AR,717304521,8708624931,Pharmacist,Pharmacy,Long Term Care Pharmacy,,,,,,,,,,,,
1669466777,SOUTH ARKANSAS NEPHROLOGY AND HYPERTENSION CLINIC,2302 W 28TH AVE,SUITE A,PINE BLUFF,AR,716035050,8705361400,Nephrology,Neurology,,,,,,,,,,,,,
1710971809,HUDSON MEMORIAL NURSING HOME,700 N COLLEGE AVE,,EL DORADO,AR,717304404,8708638131,Skilled Nursing Facility,,,,,,,,,,,,,,
1982698981,MORRISONS PROPERTIES INC,PO BOX 3,,CAMDEN,AR,717110003,8708368132,Pharmacy,Community/Retail Pharmacy,Long Term Care Pharmacy,,,,,,,,,,,,
1508850330,FRANKLIN COUNTY LEARNING CENTER,304 N 13TH ST,P.O. BOX 329,OZARK,AR,729492858,,Day Training - Developmentally Disabled Services,,,,,,,,,,,,,,
1679567408,CARDIOLOGY AND MEDICINE CLINIC P A,5315 W 12TH ST,,LITTLE ROCK,AR,722041858,5016640941,Internal Medicine,Cardiovascular Disease,,,,,,,,,,,,,
1891789574,R & R MEDICAL INC,2515 E HUNTSVILLE RD,,FAYETTEVILLE,AR,727017329,4794433411,Durable Medical Equipment & Medical Supplies,Community/Retail Pharmacy,Long Term Care Pharmacy,,,,,,,,,,,,
1659365294,TRUMANN DRUG COMPANY,213 HIGHWAY 463 N,,TRUMANN,AR,724723503,8704836439,Pharmacist,,,,,,,,,,,,,,
1306831839,EMERGENCY MEDICAL TRANSPORT,PO BOX 766,,GLENWOOD,AR,719430766,5016220112,Ambulance,Land Transport,,,,,,,,,,,,,
1265427678,JONESBORO PHAMACY SOLUTIONS,2929 S CARAWAY RD,SUITE 9,JONESBORO,AR,724017307,8709322822,Pharmacy,,,,,,,,,,,,,,
1679568943,BOARD OF COUNTY COMMISSIONERS GULF COUNTY,PO BOX 910,,CONWAY,AR,720330910,8502298002,Land Transport,,,,,,,,,,,,,,
1689669897,SAMI JO MAGOFFIN PA,140 CORDOBA CENTER DR,,HOT SPRINGS VILLAGE,AR,719094020,5019221686,Physical Therapy,,,,,,,,,,,,,,
1326033515,MEDI-MART PHARMACY INC,1415 PINECREST SHOPPING CTR,,BRINKLEY,AR,720212000,8707343088,Pharmacy,,,,,,,,,,,,,,
1982699153,OUACHITA REGIONAL ANESTHESIA PLLC,PO BOX 22390,,HOT SPRINGS,AR,719032390,8002351415,Anesthesiology,,,,,,,,,,,,,,
1275528390,BRYANT'S INVESTMENTS & HOLDING INC,2000 HARRISON ST,,BATESVILLE,AR,725017442,8707933999,Oxygen Equipment & Supplies,Community/Retail Pharmacy,,,,,,,,,,,,,
1679568729,ECONO-MART PHARMACY INC,1595 HARRISON ST,,BATESVILLE,AR,725017222,8707934179,Community/Retail Pharmacy,Compounding Pharmacy,Home Infusion Therapy Pharmacy,,,,,,,,,,,,
1063407138,WASHINGTON REGIONAL MEDICAL CENTER,1125 N COLLEGE AVE,,FAYETTEVILLE,AR,727031908,4797131000,Psychiatric Unit,,,,,,,,,,,,,,
1083609051,SAMA REFERENCE LAB,600 S TIMBERLANE DR,,EL DORADO,AR,717306990,8708622400,Clinical Medical Laboratory,,,,,,,,,,,,,,
1104811173,LAWS DRUG CO INC,6802 ROGERS AVE STE 2,,FORT SMITH,AR,729034010,4794526116,Community/Retail Pharmacy,Long Term Care Pharmacy,,,,,,,,,,,,,
1578558144,BROOKEWOOD LIMITED PARTNERSHIP,322 W COLLIN RAYE DR,,DE QUEEN,AR,718322007,8706423562,Skilled Nursing Facility,,,,,,,,,,,,,,
1306832969,WAGNON PLACE INC,PO BOX 230,,WARREN,AR,716710230,8702266766,Skilled Nursing Facility,,,,,,,,,,,,,,
1306832845,BELL CLINIC P.A.,626 POPLAR ST,,HELENA,AR,723423140,8703388163,Rural Health,,,,,,,,,,,,,,
1518953132,ALCO PHARMACY INC,127 N MAIN ST,,HARRISON,AR,726014227,8707416511,Pharmacy,Community/Retail Pharmacy,,,,,,,,,,,,,
1811983406,CITY DRUG CO,1512 LINWOOD DR,,PARAGOULD,AR,724505814,8702368501,Pharmacist,,,,,,,,,,,,,,
1548256076,ARKANSAS REHABILITATION SERVICES,105 RESERVE ST,,HOT SPRINGS,AR,719014195,5017016217,Adult Medicine,Rehabilitation Hospital,,,,,,,,,,,,,
1598751984,GARDEN OAKS PHARMACY INC,200 GARDEN OAKS DR SW,,CAMDEN,AR,717013733,8708368176,Pharmacist,,,,,,,,,,,,,,
1255327508,INNISFREE NURSING CTR INC,301 S 24TH ST,,ROGERS,AR,727581116,4796365545,Assisted Living Facility,,,,,,,,,,,,,,
1578559787,CONWAY REGIONAL SURGERY CENTER,2200 ADA AVE,SUITE 100,CONWAY,AR,720344985,5017300754,Ambulatory Surgical,,,,,,,,,,,,,,
1609862911,GNC OF STAR CITY INC,824 SALEM RD,STE 210,CONWAY,AR,720344800,5019320050,Skilled Nursing Facility,,,,,,,,,,,,,,
1093701336,BENZER AR 1 LLC,300 PERRY ST,,HELENA,AR,723423325,8703386464,Pharmacy,Community/Retail Pharmacy,,,,,,,,,,,,,
1508852831,BUDGET PHARMACY INC,117 GREENWOOD AVE,,HOT SPRINGS,AR,719134428,5013211617,Community/Retail Pharmacy,,,,,,,,,,,,,,
1053307108,SAMA INDEPENDENT DIAGNOSTIC TESTING FACILITY,600 S TIMBERLANE DR,,EL DORADO,AR,717306990,8708622400,Radiology,,,,,,,,,,,,,,
1487640579,MITCHELLS PARK STREET PHARMACY INC,PO BOX 569,,CALICO ROCK,AR,725190569,8702978107,Pharmacy,Community/Retail Pharmacy,Long Term Care Pharmacy,,,,,,,,,,,,
1598751562,UAMS MEDICAL CENTER,4301 W MARKHAM ST,SLOT 547-10,LITTLE ROCK,AR,722057101,5016142830,Pharmacy,,,,,,,,,,,,,,
1407842404,MARKET STREET PHARMACY,404 MARKET ST,,HORSESHOE BEND,AR,725123871,8706705098,Pharmacy,,,,,,,,,,,,,,
1306832225,CITY PHARMACY OF SPRINGDALE INC,701 S THOMPSON ST,SUITE A,SPRINGDALE,AR,727644248,4797512072,Pharmacist,,,,,,,,,,,,,,
1083600910,REED DRUG STORE INC,201 S MAIN ST,,PINE BLUFF,AR,716014321,8705348351,Clinical Medical Laboratory,Durable Medical Equipment & Medical Supplies,Customized Equipment,,,,,,,,,,,,
1891781837,PIGGOTT COMMUNITY HOSPITAL,1206 GORDON DUCKWORTH DR,,PIGGOTT,AR,724541911,8705983881,Critical Access,,,,,,,,,,,,,,
1306832167,KMJ ENTERPRISES HERITAGE PARK LLC,1513 S DIXIELAND RD,,ROGERS,AR,727584935,4796365841,Skilled Nursing Facility,,,,,,,,,,,,,,
1841286572,MAYBRANCH PHARMACY,2801 OLD GREENWOOD RD,STE. 11,FORT SMITH,AR,729034560,,Pharmacy,,,,,,,,,,,,,,
1255327904,RUSSELL P WEBSTER MD PA,1700 HARRISON ST,STE S,BATESVILLE,AR,725017316,8707934711,Family Medicine,,,,,,,,,,,,,,
1609862317,ANR1-LLC,2107 DUDLEY ST,,TEXARKANA,AR,718546345,8707724427,Skilled Nursing Facility,,,,,,,,,,,,,,
1114913936,INTERNAL MEDICINE DIAGNOSTICS INC,197 HOSPITAL DR,SUITE B,CHEROKEE VILLAGE,AR,725297314,8702575118,Internal Medicine,,,,,,,,,,,,,,
1942296603,HOLLY STREET DRUGS INC,PO BOX 869,,MC GEHEE,AR,716540869,8702223080,Pharmacy,Community/Retail Pharmacy,,,,,,,,,,,,,
1366438186,RADIOLOGY ASSOCIATES PA,500 S UNIVERSITY AVE,SUITE 101,LITTLE ROCK,AR,722055302,5016643914,Diagnostic Radiology,,,,,,,,,,,,,,
1770570491,JACKSON PHARMACY INC,PO BOX 2114,,BATESVILLE,AR,725032114,8706981974,Pharmacy,Community/Retail Pharmacy,,,,,,,,,,,,,
1124015680,KMJ ENTERPRISES CLARKSVILLE LLC,400 OAK CT,,CLARKSVILLE,AR,728303778,4797548611,Skilled Nursing Facility,,,,,,,,,,,,,,
1710974274,KMJ ENTERPRISES FIANNA HILLS LLC,8411 S 28TH ST,,FORT SMITH,AR,729088646,4796489600,Skilled Nursing Facility,,,,,,,,,,,,,,
1225025646,AMERIS OF OSCEOLA LLC,PO BOX 327,,BLYTHEVILLE,AR,723160327,,Critical Access,,,,,,,,,,,,,,
1346237708,HALL EYE CARE CENTER L.L.C.,230 E MARKET ST,,CLARKSVILLE,AR,728309069,4797052022,Optometrist,,,,,,,,,,,,,,
1942297411,KMJ ENTERPRISES SKILL CARE LLC,2911 BROWNS LN,,JONESBORO,AR,724017204,8709358330,Skilled Nursing Facility,,,,,,,,,,,,,,
1487641841,KMJ ENTERPRISES CASSVILLE LLC,7 HALSTED CIR,,ROGERS,AR,727563185,4796365716,Skilled Nursing Facility,,,,,,,,,,,,,,
1972590446,KMJ ENTERPRISES BENTON I LLC,3300 MILITARY RD,,BENTON,AR,720152581,5017788282,Skilled Nursing Facility,,,,,,,,,,,,,,
1568459022,KMJ ENTERPRISES FORT SMITH RC LLC,5301 WHEELER AVE,,FORT SMITH,AR,729018339,4796463454,Skilled Nursing Facility,,,,,,,,,,,,,,
1619964160,KMJ ENTERPRISES BENTONVILLE MANOR LLC,224 S MAIN ST,,BENTONVILLE,AR,727125963,4792733373,Skilled Nursing Facility,,,,,,,,,,,,,,
1588651988,SPRINGHILL FAMILY MEDICINE PA,3343 SPRINGHILL DR,SUITE 3005,NORTH LITTLE ROCK,AR,721172929,5019458800,Family Medicine,,,,,,,,,,,,,,
1023005550,JEFFERSON ANESTHESIOLOGY ASSOCIATES,PO BOX 1272,,PINE BLUFF,AR,716131272,8705357457,Anesthesiology,,,,,,,,,,,,,,
1023005253,ST VINCENT BREAST CANCER & MAMMOGRAPHY SCREENING CENTER LLC,500 S UNIVERSITY AVE,SUITE 114,LITTLE ROCK,AR,722055302,5016619766,Radiology - Mammography,,,,,,,,,,,,,,
1831186014,RADIATION ONCOLOGY ASSOCIATES PA,PO BOX 56409,,LITTLE ROCK,AR,722156409,5012963273,Radiation Oncology,,,,,,,,,,,,,,
1871580050,KMJ ENTERPRISES BENTON II LLC,PO BOX 280,,BENTON,AR,720180280,5017787417,Skilled Nursing Facility,,,,,,,,,,,,,,
1306833678,BREAST HEALTH CLINICS OF ARKANSAS PA,PO BOX 7386,,LITTLE ROCK,AR,722177386,5019938324,Ambulatory Surgical,,,,,,,,,,,,,,
1588651764,KMJ ENTERPRISES TRUMANN LLC,333 MELODY DR,,TRUMANN,AR,724723418,8704837623,Skilled Nursing Facility,,,,,,,,,,,,,,
1669469854,KMJ ENTERPRISES HOMESTEAD LLC,826 NORTH ST,,STAMPS,AR,718604522,8705334444,Skilled Nursing Facility,,,,,,,,,,,,,,
1538156716,KMJ ENTERPRISES LITTLE ROCK LLC,800 BROOKSIDE DR,,LITTLE ROCK,AR,722051644,5012243940,Skilled Nursing Facility,,,,,,,,,,,,,,
1871580076,KMJ ENTERPRISES MOUNTAIN HOME LLC,1100 PINE TREE LN,,MOUNTAIN HOME,AR,726534502,8704256316,Skilled Nursing Facility,,,,,,,,,,,,,,
1932196011,SOUTHERN MOBILITY INC.,8 SHACKLEFORD PLZ,SUITE 316,LITTLE ROCK,AR,722111851,5017162900,Durable Medical Equipment & Medical Supplies,,,,,,,,,,,,,,
1689661696,NURSE ANESTHETIST PROFESSIONALS INC,PO BOX 16474,,LITTLE ROCK,AR,722316474,5017714370,Anesthesiology,,,,,,,,,,,,,,
1225025232,CATE PHARMACY INC,500 N MISSOURI AVE,,CORNING,AR,724221616,8708576766,Pharmacy,Community/Retail Pharmacy,,,,,,,,,,,,,
1134116049,JOHNSON REGIONAL MEDICAL CENTER,PO BOX 738,,CLARKSVILLE,AR,728300738,4797545454,General Acute Care Hospital,,,,,,,,,,,,,,
1740277672,ARKANSAS TRANSFER SERVICE,1901 N 13TH ST,,ROGERS,AR,727562317,4796318470,Land Transport,,,,,,,,,,,,,,
1053308940,PARK WEST PHARMACY,904 AUTUMN RD,SUITE 275,LITTLE ROCK,AR,722113702,5012243499,Pharmacy,,,,,,,,,,,,,,
1548257470,ARKANSAS PARAMEDIC TRANSPORT,1901 N 13TH ST,P O BOX 696,ROGERS,AR,727562317,4796213998,Land Transport,,,,,,,,,,,,,,
1114914033,DARNELL DRUG COMPANY INC,106 S RODNEY PARHAM RD,,LITTLE ROCK,AR,722054708,5012252322,Pharmacy,,,,,,,,,,,,,,
1285622001,HELM PHARMACY INC,2412 E RACE AVE,SUITE #1,SEARCY,AR,721434730,5012681414,Pharmacy,Community/Retail Pharmacy,,,,,,,,,,,,,
1205824992,LITTLE RIVER FAMILY CLINIC LTD,PO BOX 295,,LOCKESBURG,AR,718460295,,Family Medicine,,,,,,,,,,,,,,
1922096585,AMERIS OF ARKANSAS LLC,PO BOX 167,,BLYTHEVILLE,AR,723160167,8708387300,General Acute Care Hospital,,,,,,,,,,,,,,
1356339915,HEALTHCARE MEDICAL & RESPIRATORY CARE INC,PO BOX 21177,,HOT SPRINGS,AR,719031177,5016099500,Durable Medical Equipment & Medical Supplies,,,,,,,,,,,,,,
1912995606,KRISH FAMILY CLINIC,PO BOX 295,,LOCKESBURG,AR,718460295,8702895865,Family Medicine,,,,,,,,,,,,,,
1760470330,DIVERSICARE LEASING CORP.,66 OZBIRN LN,,ASH FLAT,AR,725139522,8709942341,Skilled Nursing Facility,,,,,,,,,,,,,,
1659369288,MOODY PHARMACY,234 S FREDRICK,,MAGNOLIA,AR,717533703,,Pharmacist,,,,,,,,,,,,,,
1013905587,OZARK SURGICAL ASSOCIATES,3017 N BOB YOUNKIN DR,SUITE 101,FAYETTEVILLE,AR,727033926,4795211484,Surgery,General Practice,,,,,,,,,,,,,
1790773158,BAPTIST HEALTH HOSPITALS,9601 BAPTIST HEALTH DRIVE,,LITTLE ROCK,AR,72205,5012022080,General Acute Care Hospital,,,,,,,,,,,,,,
1013905561,MAGNOLIA HEALTHCARE CENTER LLC,600 LELIA ST,,MAGNOLIA,AR,717534035,8702347000,Skilled Nursing Facility,,,,,,,,,,,,,,
1316935588,DAVIS NURSING ASSOCIATION,6810 S HAZEL ST,,PINE BLUFF,AR,716037828,8705410342,Skilled Nursing Facility,,,,,,,,,,,,,,
1104814383,HAZEL STREET NURSING ASSOCIATION,6811 S HAZEL ST,,PINE BLUFF,AR,716037829,8705351155,Skilled Nursing Facility,,,,,,,,,,,,,,
1629066808,GARDEN POINTE LIVING CENTER,7001 S HAZEL ST,,PINE BLUFF,AR,716037833,8705359283,Assisted Living Facility,,,,,,,,,,,,,,
1992793194,GASSVILLE CARE CENTER INC,415 ROGERS AVE,,FORT SMITH,AR,729011903,4797834672,Skilled Nursing Facility,,,,,,,,,,,,,,
1689662819,HUDSON PHARMACY,1609 MAIN ST,,VAN BUREN,AR,729564735,4794741193,Pharmacist,,,,,,,,,,,,,,
1184612194,DE QUEEN MEDICAL CENTER INC,1306 W COLLIN RAYE DR,,DE QUEEN,AR,718322502,8706427572,Critical Access,,,,,,,,,,,,,,
1609864578,DARDANELLE NURSING AND REHABILITATION CENTER INC,415 ROGERS AVE,,FORT SMITH,AR,729011903,4797834672,Skilled Nursing Facility,,,,,,,,,,,,,,
1841288727,PARKS EDGE CARE CENTER INC,415 ROGERS AVE,,FORT SMITH,AR,729011903,4797834672,Skilled Nursing Facility,,,,,,,,,,,,,,
1811985773,ROBINSON NURSING AND REHABILITATION CENTER LLC,415 ROGERS AVE,,FORT SMITH,AR,729011903,4797834672,Skilled Nursing Facility,,,,,,,,,,,,,,
1700874666,ATKINS CARE CENTER INC,415 ROGERS AVE,,FORT SMITH,AR,729011903,4797834672,Skilled Nursing Facility,,,,,,,,,,,,,,
1871581736,RUSSELLVILLE CARE CENTER INC,415 ROGERS AVE,,FORT SMITH,AR,729011903,4797834672,Skilled Nursing Facility,,,,,,,,,,,,,,
1356330179,SHERWOOD NURSING & REHABILITATION CENTER INC,415 ROGERS AVE,,FORT SMITH,AR,729011903,4797834672,Skilled Nursing Facility,,,,,,,,,,,,,,
1265421085,QUAPAW CARE AND REHABILITATION CENTER LLC,415 ROGERS AVE,,FORT SMITH,AR,729011903,4797834672,Skilled Nursing Facility,,,,,,,,,,,,,,
1013906866,NURSING AND REHABILITATION CENTER AT GOOD SHEPHERD LLC,415 ROGERS AVENUE,,FORT SMITH,AR,72901,4797834672,Skilled Nursing Facility,,,,,,,,,,,,,,
1003805870,RUSSELLVILLE FAMILY CLINIC PA,PO BOX 1648,,RUSSELLVILLE,AR,728111648,4799687170,Family Medicine,,,,,,,,,,,,,,
1821087651,WHITE HALL NURSING AND REHABILITATION CENTER LLC,415 ROGERS AVENUE,,FORT SMITH,AR,72901,4797834672,Skilled Nursing Facility,,,,,,,,,,,,,,
1508855305,POCAHONTAS MEDICAL CLINIC PA,2901 MEDICAL CENTER DR,,POCAHONTAS,AR,724559438,8708924467,Family Medicine,,,,,,,,,,,,,,
1043209851,HEATHER MANOR CARE CENTER INC,415 ROGERS AVE,,FORT SMITH,AR,729011903,4797834672,Skilled Nursing Facility,,,,,,,,,,,,,,
1396734000,PERRY COUNTY CARE CENTER INC,415 ROGERS AVE,,FORT SMITH,AR,729011903,4797834672,Skilled Nursing Facility,,,,,,,,,,,,,,
1790774495,EUFAULA CARE CENTER INC,415 ROGERS AVE,,FORT SMITH,AR,729011903,4797834672,Skilled Nursing Facility,,,,,,,,,,,,,,
1023007770,OAK MANOR NURSING AND REHABILITATION CENTER INC,415 ROGERS AVE,,FORT SMITH,AR,729011903,4797834672,Skilled Nursing Facility,,,,,,,,,,,,,,
1265421861,CONWAY REGIONAL MEDICAL CENTER INC.,PO BOX 899,,CLINTON,AR,720310899,5017454914,Rural Health,,,,,,,,,,,,,,
1386633998,TWIN RIVERS HEALTH AND REHAB LLC,3021 TWIN RIVERS DR,PO BOX 986,ARKADELPHIA,AR,71923,8702466337,Skilled Nursing Facility,,,,,,,,,,,,,,
1407845951,SOUTH ARKANSAS ORTHOPAEDICS AND SPORTS MEDICINE CENTER PLLC,PO BOX 10730,,EL DORADO,AR,717300028,8708621144,Specialist,,,,,,,,,,,,,,
1518956747,NATIONAL PARK PHARMACY,1534 MALVERN AVE.STEB,,HOT SPRINGS,AR,71901,5016232280,Pharmacist,,,,,,,,,,,,,,
1902895055,CITY OF JACKSONVILLE,PO BOX 126,,JACKSONVILLE,AR,720780126,5019824502,Land Transport,,,,,,,,,,,,,,
1801885926,LAFAYETTE COUNTY AMBULANCE SERVICE INC.,1416 E 6TH ST,PO BOX 737,LEWISVILLE,AR,718458873,8709215366,Land Transport,,,,,,,,,,,,,,
1972593911,ERRS INC,PO DRAWER 2000,,GREENWOOD,AR,729362000,4799964125,Nursing Facility/Intermediate Care Facility,,,,,,,,,,,,,,
1386634285,SPARKS MEDICAL FOUNDATION,PO BOX 2420,,FORT SMITH,AR,729022420,4797097399,Psychologist,Dermatology,Family Medicine,Internal Medicine,Obstetrics & Gynecology,Pediatrics,Occupational Medicine,Neurology,Body Imaging,Neuroradiology,Nuclear Radiology,Pediatric Radiology,Surgery,Pain Medicine,Clinical Medical Laboratory
1669462461,SPARKS REGIONAL MEDICAL CENTER,PO BOX 1706,,FORT SMITH,AR,729021706,4797097399,Cardiovascular Disease,Geriatric Medicine,Hematology & Oncology,Nephrology,Pulmonary Disease,Neurology,Pain Medicine,Nurse Practitioner,Family,,,,,,
1295725869,NORTH ARKANSAS REGIONAL MEDICAL CENTER,620 N MAIN ST,,HARRISON,AR,726012911,,End-Stage Renal Disease (ESRD) Treatment,,,,,,,,,,,,,,
1659361236,NORTH ARKANSAS REGIONAL MEDICAL CENTER BREAST CARE,620 N MAIN ST,,HARRISON,AR,726012911,,Radiology - Mammography,,,,,,,,,,,,,,
1700876398,MURPHY HEALTHCARE LLC,450 S 9TH AVE,,PIGGOTT,AR,724542501,8705982291,Assisted Living Facility,,,,,,,,,,,,,,
1528058112,IMBODEN MEDICAL PHARMACY INC,203 WALNUT ST,,IMBODEN,AR,72434,8708692046,Pharmacist,,,,,,,,,,,,,,
1235129685,FRANKLIN COUNTY EMS,111 W SPRING ST,,OZARK,AR,729492829,4796674900,Ambulance,,,,,,,,,,,,,,
1023008406,NORTH ARKANSAS ARTHRITIS CLINIC,620 N WILLOW ST,ANNEX A,HARRISON,AR,726012994,8703652550,Clinic/Center,,,,,,,,,,,,,,
1841280203,HMNH INC,1700 E SHORT HILLSBORO ST,,EL DORADO,AR,717306458,8708625124,Nursing Facility/Intermediate Care Facility,,,,,,,,,,,,,,
1053301473,BAKER AMBULATORY SURGERY CENTER,810 MERRIMAN ST,,CONWAY,AR,720324436,5013293937,Ambulatory Surgical,,,,,,,,,,,,,,
1205826575,DAVID LEE WEBBER D.O. P.A.,504 PECAN ST,,HELENA,AR,723423214,8703389244,Internal Medicine,,,,,,,,,,,,,,
1366432551,VAN M DUNN,PO BOX 294,,DE WITT,AR,720420294,8709461716,Optometrist,,,,,,,,,,,,,,
1164412243,RUSSELLVILLE GYNECOLOGY CLINIC,914 W B ST,,RUSSELLVILLE,AR,728013502,4799687909,Gynecology,,,,,,,,,,,,,,
1992796924,NEPHROLOGY ASSOCIATES PA,PO BOX 17930,,LITTLE ROCK,AR,722227930,5016630490,Nephrology,,,,,,,,,,,,,,
1295726156,STATE OF ARKANSAS,4313 W MARKHAM ST,,LITTLE ROCK,AR,722054096,5016869406,Psychiatric Hospital,,,,,,,,,,,,,,
1891786612,BAKER EYE INSTITUTE,810 MERRIMAN ST,,CONWAY,AR,720324436,5019320118,Clinic/Center,,,,,,,,,,,,,,
1568453314,ARKANSAS RENAL SYSTEMS PA,PO BOX 17930,,LITTLE ROCK,AR,722227930,5016630490,End-Stage Renal Disease (ESRD) Treatment,,,,,,,,,,,,,,
1568453793,SARDIS ROAD DRUG INC.,13907 HIGH RD,,MABELVALE,AR,721033212,5014551086,Pharmacy,,,,,,,,,,,,,,
1659352698,SCHWARZ CARDIOLOGY PLLC PA,PO BOX 3387,,FORT SMITH,AR,729133387,4797097300,Cardiovascular Disease,,,,,,,,,,,,,,
1578544227,RONALD D SMITH MD PA,527 N 6TH ST,,BLYTHEVILLE,AR,723152407,8707634541,Family Medicine,,,,,,,,,,,,,,
1851372437,WPM COMMUNITY PHARMACIES LLC,PO BOX 524,518 CLAY ST,ARKADELPHIA,AR,719230524,8702465553,Pharmacy,Community/Retail Pharmacy,Compounding Pharmacy,Long Term Care Pharmacy,,,,,,,,,,,
1265413843,T&C WATSON INC,582 HIGHWAY 365,SUITE B,MAYFLOWER,AR,721069524,5014703773,Durable Medical Equipment & Medical Supplies,,,,,,,,,,,,,,
1548241201,JOHN S WILLIAMS M D P A,527 N 6TH ST,,BLYTHEVILLE,AR,723152407,8707634541,Family Medicine,,,,,,,,,,,,,,
1508847179,SMITHS COUNTRY CLUB DRUG STORE INC,5114 KAVANAUGH BLVD,,LITTLE ROCK,AR,722074607,5016634118,Durable Medical Equipment & Medical Supplies,,,,,,,,,,,,,,
1023099660,COLLEGE PHARMACY INC,211 E STADIUM,,MAGNOLIA,AR,717532032,8702347292,Pharmacy,Community/Retail Pharmacy,Long Term Care Pharmacy,,,,,,,,,,,,
1477534956,JAMES DAVID DYE MD PA,527 N 6TH ST,,BLYTHEVILLE,AR,723152407,8707634541,Family Medicine,,,,,,,,,,,,,,
1043291669,MCCLURES PHARMACY,PO BOX 1291,,GREERS FERRY,AR,720671291,5018256265,Durable Medical Equipment & Medical Supplies,,,,,,,,,,,,,,
1487635884,ROSE DRUG OF DOVER INC,PO BOX 335,,DOVER,AR,728370335,4793312133,Durable Medical Equipment & Medical Supplies,,,,,,,,,,,,,,
1881675130,HOWARD COUNTY AMBULANCE SERVICE,PO BOX 581,,NASHVILLE,AR,718520581,8704510400,Land Transport,,,,,,,,,,,,,,
1457332850,WYNNE MEDICAL PHARMACY INC,PO BOX 757,,WYNNE,AR,723960757,8702388531,Durable Medical Equipment & Medical Supplies,Community/Retail Pharmacy,,,,,,,,,,,,,
1235110644,MEDIC PHARMACY INC OF EL DORADO,347 W OAK STREET,,EL DORADO,AR,717304521,8708624931,Durable Medical Equipment & Medical Supplies,,,,,,,,,,,,,,
1407838717,ASSIST MEDICAL EQUIPMENT LLC,PO BOX 1033,,LITTLE ROCK,AR,722031033,5013761975,Nursing Facility Supplies,Parenteral & Enteral Nutrition,,,,,,,,,,,,,
1215919329,GASTRO-INTESTINAL CENTER INC,405 N UNIVERSITY AVE,,LITTLE ROCK,AR,722053108,5016631074,Ambulatory Surgical,,,,,,,,,,,,,,
1609858679,COLLOM & CARNEY CLINIC ASSOCIATION,1803 S LAUREL ST,,HOPE,AR,718018219,9036143600,End-Stage Renal Disease (ESRD) Treatment,,,,,,,,,,,,,,
1053393918,CENTER FOR SIGHT OF FORT SMITH PA,5518 ELLSWORTH RD,,FORT SMITH,AR,729033222,4796463937,Ophthalmology,,,,,,,,,,,,,,
1588646491,HEALTHY CONNECTIONS INC,P O BOX 1848,,MENA,AR,719531841,4794373449,Federally Qualified Health Center (FQHC),,,,,,,,,,,,,,
1477535391,LITTLE ROCK HEMATOLOGY ONCOLOGY,9500 BAPTIST HEALTH DR,,LITTLE ROCK,AR,722056319,5012198777,Hematology & Oncology,Radiation Oncology,Diagnostic Radiology,,,,,,,,,,,,
1427030360,PROFESSIONAL SALES AND RENTALS INC.,1209 COMMERCE DR,,MOUNTAIN HOME,AR,726532601,8794253700,Durable Medical Equipment & Medical Supplies,,,,,,,,,,,,,,
1265414247,SPRING RIVER HOME HEALTH AGENCY INC,PO BOX 829,,SALEM,AR,725760829,8708952627,Home Health,,,,,,,,,,,,,,
1245212935,PAIN SOUTH PA,1 MERCY LN,SUITE 304,HOT SPRINGS,AR,719136442,5013214772,Pain,,,,,,,,,,,,,,
1235111071,SALINE HOSPITAL LLC,1 MEDICAL PARK DR,,BENTON,AR,720153353,5017766033,General Acute Care Hospital,,,,,,,,,,,,,,
1316929045,GUY J L'HEUREUX MD PA,228 W TYLER AVE,STE 105,WEST MEMPHIS,AR,723014089,8707354025,Orthopaedic Surgery,,,,,,,,,,,,,,
1477535995,DEWITT HOSPITAL & NURSING HOME INC.,1203 S WHITEHEAD DR,PO BOX 32,DE WITT,AR,720423702,8709462848,Home Health,,,,,,,,,,,,,,
1033191622,NORTHWEST ARKANSAS RADIATION THERAPY INSTITUTE,5835 W SUNSET AVE,,SPRINGDALE,AR,727620751,4793612585,Oncology - Radiation,,,,,,,,,,,,,,
1649253006,STEPHENS SPEECH CLINIC PA,PLAZA 43 200 HIGHWAY 43 EAST,SUITE 7,HARRISON,AR,72601,8707410500,Hearing and Speech,,,,,,,,,,,,,,
1437132719,HOWARD COUNTY CHILDRENS CENTER INC,1577 HIGHWAY 371 W,,NASHVILLE,AR,718527598,8708451211,Day Training - Developmentally Disabled Services,,,,,,,,,,,,,,
1891778049,ST ANTHONY'S HOSPITAL ASSOCIATION,4 HOSPITAL DRIVE,,MORRILTON,AR,721104510,5019772300,Rural Health,Critical Access,,,,,,,,,,,,,
1336122340,OTTER CREEK FAMILY CLINIC PLLC,11321 INTERSTATE 30,STE 101,LITTLE ROCK,AR,722097059,5014551331,Internal Medicine,,,,,,,,,,,,,,
