0.40000,1154324283,DREXEL HEIGHTS FIRE DISTRICT,5030 S CAMINO VERDE,,TUCSON,AZ,857358971,5208834341,Land Transport,,,,,,,,,,,,,,
0.40000,1770586869,EMERGENCY ROOM ASSOCIATES LIMITED,P.O. BOX 12730,,TUCSON,AZ,85732,5206478854,Emergency Medicine,,,,,,,,,,,,,,
0.40000,1750384822,SURGICAL SPECIALTIES OF CASA GRANDE,1760 E FLORENCE BLVD,BLDG 2,CASA GRANDE,AZ,852224776,5204212300,Ambulatory Surgical,,,,,,,,,,,,,,
0.40000,1801899638,ACCESSORIES FOR PERSONAL MOBILITY,3007 N 73RD ST,STE A,SCOTTSDALE,AZ,852517203,4809475727,Durable Medical Equipment & Medical Supplies,,,,,,,,,,,,,,
0.40000,1659374197,TODAY'S DENTAL NO. 1 LTD.,10850 S 48TH ST,,PHOENIX,AZ,850441701,4808931223,General Practice,,,,,,,,,,,,,,
0.40000,1144223660,PICTURE ROCKS FIRE DISTRICT,12121 W PICTURE ROCKS RD,,TUCSON,AZ,857439722,5206827878,Land Transport,,,,,,,,,,,,,,
0.40000,1053314492,ALLIED MEDICAL LLC,1216 S 3RD AVE,,YUMA,AZ,853643657,9287821939,Durable Medical Equipment & Medical Supplies,Customized Equipment,Oxygen Equipment & Supplies,,,,,,,,,,,,
0.40000,1144222449,VIRGINIA RUTZ D.O.,PO BOX 369,,KEARNY,AZ,852370369,5203635573,Family Medicine,,,,,,,,,,,,,,
0.40000,1588666721,ALL AT HOME HEALTH CARE LLC,16601 N 40TH ST,SUITE 110,PHOENIX,AZ,850323345,4809703700,Home Health,,,,,,,,,,,,,,
0.40000,1750383931,RIO RICO FIRE DISTRICT,822 PENDLETON DR,,RIO RICO,AZ,856483254,5202818421,Land Transport,,,,,,,,,,,,,,
0.40000,1073515235,NORTHERN ARIZONA REHABILITATION & FITNESS,450 S WILLARD ST,STE 106,COTTONWOOD,AZ,863266744,9286499726,Physical Therapist,,,,,,,,,,,,,,
0.40000,1043214372,LIFE LINE AMBULANCE SERVICE INC,1099 W IRON SPRINGS RD,,PRESCOTT,AZ,863051621,9284453814,Ambulance,Land Transport,,,,,,,,,,,,,
0.40000,1013919240,PREFERRED HOMECARE INFUSION LLC,PO BOX 40700,,MESA,AZ,852740700,4804469010,Parenteral & Enteral Nutrition,Oxygen Equipment & Supplies,Pharmacy,Home Infusion Therapy Pharmacy,Mail Order Pharmacy,,,,,,,,,,
0.40000,1700888757,DEPENDABLE HOME HEALTH INC.,1141 N EL DORADO PL STE 300,,TUCSON,AZ,857154623,5207213822,Home Health,,,,,,,,,,,,,,
0.40000,1750385654,WHITE MOUNTAIN PHYSICAL THERAPY LTD,2650 E SHOW LOW LAKE RD,STE 3,SHOW LOW,AZ,859017955,9285378196,Physical Therapist,,,,,,,,,,,,,,
0.40000,1720082621,WYATT WOODARD MSN FNP PC,320 N LEROUX ST,STE B,FLAGSTAFF,AZ,860014535,9287790361,Primary Care,,,,,,,,,,,,,,
0.40000,1558365536,SHANNON GRAY,605 N GILBERT RD,,MESA,AZ,852036629,4803981220,Internal Medicine,Multi-Specialty,,,,,,,,,,,,,
0.40000,1215931126,FLAGSTAFF PHYSICAL THERAPY PC,715 N BEAVER ST,,FLAGSTAFF,AZ,86001,9287731601,Physical Therapy,,,,,,,,,,,,,,
0.40000,1891799516,PALISADES FAMILY CHIROPRACTIC WELLNESS CENTER INC,16425 E PALISADES BLVD,STE 105,FOUNTAIN HILLS,AZ,852683754,4808374444,Chiropractor,,,,,,,,,,,,,,
0.40000,1033113501,SUNRISE THERAPY SERVICES,PO BOX 15081,,SCOTTSDALE,AZ,852675081,4808604533,Physical Therapist,Occupational Therapist,Speech-Language Pathologist,,,,,,,,,,,,
0.40000,1184628562,POLARIS PHYSICAL THERAPY P.C.,2404 E RIVER ROAD,,TUCSON,AZ,85718,5204089868,Orthopedic,,,,,,,,,,,,,,
0.40000,1033114442,TLGS NETWORK LLC,1855 W BASELINE RD,STE 260,MESA,AZ,852029004,4807557500,Case Management,Home Health,,,,,,,,,,,,,
0.40000,1225033483,PALO VERDE PHYSICAL THERAPY,3003 HIGHWAY 95,STE 61,BULLHEAD CITY,AZ,864427896,9287580029,Physical Therapy,,,,,,,,,,,,,,
0.40000,1447255187,APOTHECARY SHOP OF MESA INC,23620 N 20TH DR,STE 12,PHOENIX,AZ,850850621,6234343650,Pharmacy,,,,,,,,,,,,,,
0.40000,1467457135,POWERS FAMILY PRACTICE PC,1810 MESQUITE AVE,SUITE A,LAKE HAVASU CITY,AZ,864035886,9288554224,Preferred Provider Organization,,,,,,,,,,,,,,
0.40000,1538164249,TJS HEALTH INC.,PO BOX 639,,SPRINGERVILLE,AZ,859380639,9283333353,Family,,,,,,,,,,,,,,
0.40000,1114922861,APOTHECARY SHOP OF PAYSON,9777 N 91ST ST,STE C103,SCOTTSDALE,AZ,852585087,,Pharmacy,,,,,,,,,,,,,,
0.40000,1154326650,SCOTTSDALE SURGICAL PARTNERS LLC,3033 N. 44TH ST.,SUITE 330,PHOENIX,AZ,85018,4802073716,Multi-Specialty,,,,,,,,,,,,,,
0.40000,1932105962,LIFESTREAM COMPLETE SENIOR LIVING AT SUN RIDGE INC,12215 W BELL RD,,SURPRISE,AZ,853789640,6235835482,Skilled Nursing Facility,,,,,,,,,,,,,,
0.40000,1447256466,LIFESTREAM COMPLETE SENIOR LIVING INC.,11527 W PEORIA AVE,,YOUNGTOWN,AZ,853631640,6239334683,Skilled Nursing Facility,,,,,,,,,,,,,,
0.40000,1578569430,VALOR HOSPICE CARE LLC,1860 E RIVER RD,STE 200,TUCSON,AZ,857185993,5206153996,Hospice Care - Community Based,,,,,,,,,,,,,,
0.40000,1023014883,EAST VALLEY PRIMARY CARE PHYSICIANS,4515 S MCCLINTOCK DR,STE 100,TEMPE,AZ,852827381,4808201133,Primary Care,,,,,,,,,,,,,,
0.40000,1194721977,TIMBERLINE MEDICAL SUPPLY,PO BOX 2310,,PINETOP,AZ,859352310,9283676834,Durable Medical Equipment & Medical Supplies,,,,,,,,,,,,,,
0.40000,1912903527,SCOTTSDALE HEALTH AND WELLNESS PC,9393 N 90TH ST,PO BOX 102 154,SCOTTSDALE,AZ,852585040,4805583744,Family Medicine,,,,,,,,,,,,,,
0.40000,1831195460,INFINIA AT DOUGLAS,1400 N SAN ANTONIO AVE,,DOUGLAS,AZ,856072434,5203647937,Skilled Nursing Facility,,,,,,,,,,,,,,
0.40000,1447256078,INFINIA AT FLAGSTAFF,800 W UNIVERSITY AVE,,FLAGSTAFF,AZ,860017103,9287796931,Skilled Nursing Facility,,,,,,,,,,,,,,
0.40000,1144226747,AVONDALE ACCIDENT & PAIN CHIROPRACTIC CENTER,11335 W BUCKEYE RD,STE C104,AVONDALE,AZ,853236814,6239366111,Chiropractor,,,,,,,,,,,,,,
0.40000,1831195452,INFINIA AT COTTONWOOD,197 S WILLARD ST,,COTTONWOOD,AZ,863264123,9286345548,Skilled Nursing Facility,,,,,,,,,,,,,,
0.40000,1134125750,INFINIA AT CAMP VERDE,15 E HIGHWAY 260,,CAMP VERDE,AZ,863226864,9285675253,Skilled Nursing Facility,,,,,,,,,,,,,,
0.40000,1942207527,INFINIA AT SAFFORD,1933 W PEPPER TREE DR,,SAFFORD,AZ,855464048,9284284910,Skilled Nursing Facility,,,,,,,,,,,,,,
0.40000,1386641967,INFINIA AT SCOTTSDALE,3333 N CIVIC CENTER PLZ,,SCOTTSDALE,AZ,852516413,4809941333,Skilled Nursing Facility,,,,,,,,,,,,,,
0.40000,1164429759,INFINIA AT SHOWLOW,2401 E HUNT ST,,SHOW LOW,AZ,859017920,9285375333,Skilled Nursing Facility,,,,,,,,,,,,,,
0.40000,1487651071,ORAL AND MAXILLOFACIAL SURGEONS OF NORTHERN ARIZONA,77 W FOREST AVE,STE 107,FLAGSTAFF,AZ,860011482,9287732530,Oral and Maxillofacial Pathology,,,,,,,,,,,,,,
0.40000,1396742912,ACTION MEDICAL SERVICE INC.,1200 E SECOND ST,,WINSLOW,AZ,860474130,9282899229,Land Transport,,,,,,,,,,,,,,
0.40000,1104823715,RELIABLE MEDICAL PRODUCTS INC,PO BOX 43965,,PHOENIX,AZ,850803965,6234345585,Durable Medical Equipment & Medical Supplies,Customized Equipment,,,,,,,,,,,,,
0.40000,1801893425,SURPRISE PEDIATRICS,14239 W BELL RD,SUITE 112,SURPRISE,AZ,853742469,6238769983,Legal Medicine,,,,,,,,,,,,,,
0.40000,1073510699,CITY OF NOGALES,777 N GRAND AVE,,NOGALES,AZ,856212262,5202855647,Land Transport,,,,,,,,,,,,,,
0.40000,1619974052,ENDURANCE REHABILITATION LLC,9376 E BAHIA DR,SUITE 103,SCOTTSDALE,AZ,852601532,4805568406,Orthopedic,,,,,,,,,,,,,,
0.40000,1316944846,RIVER MEDICAL INC,415 EL CAMINO WAY,,LAKE HAVASU CITY,AZ,864034628,9288554104,Land Transport,,,,,,,,,,,,,,
0.40000,1700883113,BEAVER DAM LITTLEFIELD FIRE DISTRICT,PO BOX 4451,,CAMP VERDE,AZ,863224451,9285670403,Land Transport,,,,,,,,,,,,,,
0.40000,1578560900,INSTITUTE FOR BONE & JOINT DISORDERS PC,PO BOX 52507,,PHOENIX,AZ,850722507,6027780900,,,,,,,,,,,,,,,
0.40000,1265439525,CANYON STATE ANESTHESIOLOGISTS PC,8102 E MCDOWELL RD,SUITE 2A,SCOTTSDALE,AZ,852573809,4804211014,Anesthesiology,,,,,,,,,,,,,,
0.40000,1063419299,UNIVERSITY OF ARIZONA COLLEGE OF PHARMACY,PO BOX 210207,,TUCSON,AZ,857210207,5206261657,Pharmacotherapy,,,,,,,,,,,,,,
0.40000,1609873801,DVA 2000 PLLC,PO BOX 29211,,PHOENIX,AZ,850389211,6022736770,Anesthesiology,,,,,,,,,,,,,,
0.40000,1962409185,PRESCOTT ANESTHESIA PLLC,2425 W BARD RANCH RD,,PRESCOTT,AZ,863054706,9288486157,Anesthesiology,,,,,,,,,,,,,,
0.40000,1477550606,SANDMAN ANESTHESIA RETINUE LLC,PO BOX 29211,,PHOENIX,AZ,850389211,6022736770,Nurse Anesthetist - Certified Registered,,,,,,,,,,,,,,
0.40000,1720085954,SANTAN ANESTHESIA INC.,PO BOX 29211,,PHOENIX,AZ,850389211,6022736770,Anesthesiology,,,,,,,,,,,,,,
0.40000,1235136474,YUMA ANESTHESIA MEDICAL SERVICES LLC,PO BOX 29211,,PHOENIX,AZ,850389211,6022736770,Anesthesiology,,,,,,,,,,,,,,
0.40000,1912904764,SPINE ORTHOPEDIC & SPORTS PHYSICAL THERAPY,20715 E OCOTILLO RD,SUITE 103,QUEEN CREEK,AZ,852426118,4808881558,Physical Therapy,,,,,,,,,,,,,,
0.40000,1871590505,AUC INVESTOR'S GROUP LLC,5410 W THUNDERBIRD RD,SUITE 101,GLENDALE,AZ,853064711,6025306189,General Practice,,,,,,,,,,,,,,
0.40000,1043218787,AUC SURPRISE FAMILY CARE LLC,5410 W THUNDERBIRD RD,SUITE 101,GLENDALE,AZ,853064711,6025306189,Family Medicine,,,,,,,,,,,,,,
0.40000,1437157104,KORMAN LLC,5787 W ERIE ST,,CHANDLER,AZ,852262749,4803650222,Durable Medical Equipment & Medical Supplies,Oxygen Equipment & Supplies,Pharmacy,Compounding Pharmacy,Long Term Care Pharmacy,,,,,,,,,,
0.40000,1063410652,PLAZA HEALTHCARE INC,1475 N GRANITE REEF ROAD,,SCOTTSDALE,AZ,85257,4809901904,Skilled Nursing Facility,,,,,,,,,,,,,,
0.40000,1356349666,ARIZONA PORTABLE IMAGING LLC,PO BOX 36934,,PHOENIX,AZ,850676934,6022419729,Portable X-ray and/or Other Portable Diagnostic Imaging Supplier,,,,,,,,,,,,,,
0.40000,1922006204,ANTHONY M DOMINIC SR DO PC,850 S IRONWOOD DR,STE 104,APACHE JUNCTION,AZ,852206242,4809821265,Family Medicine,,,,,,,,,,,,,,
0.40000,1659379899,MEDICAL AID CORPORATION,4711 E FALCON DR,STE 208,MESA,AZ,852152593,4808307314,Durable Medical Equipment & Medical Supplies,,,,,,,,,,,,,,
0.40000,1104824267,RIKE PHYSICAL THERAPY LLC,11000 N SCOTTSDALE RD,STE 130,SCOTTSDALE,AZ,852546130,4806617453,Physical Therapist,,,,,,,,,,,,,,
0.40000,1174521926,SOUTHWEST SKIN SPECIALISTS LLC,10200 N 92ND ST,#205,SCOTTSDALE,AZ,852584534,6024941817,Dermatology,,,,,,,,,,,,,,
0.40000,1487652426,TON SELLS HOSPITAL,7900 S J STOCK RD,,TUCSON,AZ,857467012,5202952546,Public Health or Welfare,,,,,,,,,,,,,,
0.40000,1770581639,TON SANTA ROSA HEALTH CENTER,7900 S J STOCK RD,,TUCSON,AZ,857467012,5202952546,,,,,,,,,,,,,,,
0.40000,1629076518,SCOTTSDALE PEDIATRICS AND PEDIATRIC NEPHROLOGY,7010 E. CHAUNCEY LN,SUITE 225,PHOENIX,AZ,850543117,4805855200,Pediatrics,Pediatric Nephrology,,,,,,,,,,,,,
0.40000,1215935119,NORTH COUNTY FIRE & MEDICAL DISTRICT,18818 N SPANISH GARDEN DR,,SUN CITY WEST,AZ,853754455,6235445400,Ambulance,Land Transport,,,,,,,,,,,,,
0.40000,1437157302,TON SAN XAVIER HEALTH CENTER,7900 S J STOCK RD,,TUCSON,AZ,857467012,5202952546,Public Health - Federal,,,,,,,,,,,,,,
0.40000,1598763484,EAST VALLEY HEARING CENTER INC,6262 E BROADWAY RD,#103,MESA,AZ,852066101,4808300994,Audiologist,,,,,,,,,,,,,,
0.40000,1760480503,PHOENIX CHILDREN'S HOSPITAL,3200 E CAMELBACK RD,STE 250,PHOENIX,AZ,850182311,6029331815,,,,,,,,,,,,,,,
0.40000,1245239656,SURGERY CENTER OF GILBERT LLC,6003 E BASELINE RD,,MESA,AZ,852064815,4806416500,Ambulatory Surgical,,,,,,,,,,,,,,
0.40000,1013916618,ELFRIDA FIRE DISTRICT,PO BOX 68,10293 CENTRAL HWY.,ELFRIDA,AZ,856100068,5206423749,Land Transport,,,,,,,,,,,,,,
0.40000,1871592212,PRICE CHIROPRACTIC,7620 E INDIAN SCHOOL RD,#114,SCOTTSDALE,AZ,852513610,4809473979,Chiropractor,,,,,,,,,,,,,,
0.40000,1972502227,ARIZONA CENTER FOR HAND SURGERY PC,PO BOX 7587,,PHOENIX,AZ,850117587,(602) 258-4788,Hand Surgery,Surgery of the Hand,,,,,,,,,,,,,
0.40000,1316946379,ARENSON WASSERBECK LLC,4850 E BASELINE RD,SUITE 114,MESA,AZ,852064625,4803962781,Physical Therapist,,,,,,,,,,,,,,
0.40000,1316946445,AL SHAAFI MEDICAL PC,5861 N ORACLE RD,,TUCSON,AZ,857043813,5202936686,Pediatrics,,,,,,,,,,,,,,
0.40000,1780684555,CAMPBELL ORTHOPAEDIC PHYSICAL THERAPY PC,3740 E SOUTHERN AVE,STE 105,MESA,AZ,852062568,4803964825,Physical Therapist,,,,,,,,,,,,,,
0.40000,1831199637,PHOENIX CHILDREN'S SURGERY CENTER,1920 E CAMBRIDGE AVE,E-100,PHOENIX,AZ,850061459,6026049400,Ambulatory Surgical,,,,,,,,,,,,,,
0.40000,1306846936,MOHAVE HEALTH CARE,2812 SILVER CREEK RD,,BULLHEAD CITY,AZ,864428309,9287631404,Skilled Nursing Facility,,,,,,,,,,,,,,
0.40000,1659371219,EAST VALLEY CHILDREN'S CTR,3200 S GEORGE DR,,TEMPE,AZ,852824172,4808399097,Pediatrics,,,,,,,,,,,,,,
0.40000,1750381448,CLEARVIEW COUNSELING CENTERS,13540 W CAMINO DEL SOL,#8,SUN CITY WEST,AZ,853754434,,Addiction (Substance Use Disorder),,,,,,,,,,,,,,
0.40000,1215937917,ENSIGN SABINO LLC,5830 E PIMA,,TUCSON,AZ,857125611,5207225515,Skilled Nursing Facility,,,,,,,,,,,,,,
0.40000,1396745832,ARIZONA SPINE AND JOINT HOSPITAL LLC,4620 E. BASELINE ROAD,,MESA,AZ,85206,4808241226,General Acute Care Hospital,,,,,,,,,,,,,,
0.40000,1548260938,LYLE A MURROW DC PC,3684 W ORANGE GROVE RD,#166,TUCSON,AZ,85741,5207422244,Chiropractor,,,,,,,,,,,,,,
0.40000,1386644599,WHITE TANKS PHYSICAL THERAPY & ORTHO REHAB,2882 W GAIL DR,,CHANDLER,AZ,852243963,4807040475,Physical Therapist,,,,,,,,,,,,,,
0.40000,1083614010,FEEL GOOD NATURALLY INC,10610 N 19 AVE,,PHOENIX,AZ,850294902,6029977531,Chiropractor,,,,,,,,,,,,,,
0.40000,1104827153,DESERT UROLOGIC SPECIALISTS,6369 E TANQUE VERDE,NUMBER 160,TUCSON,AZ,85715,5207223400,Urology,,,,,,,,,,,,,,
0.40000,1154322980,WHETSTONE FIRE DISTRICT,2422 N FIREHOUSE LN,,HUACHUCA CITY,AZ,856169623,5204561717,Land Transport,,,,,,,,,,,,,,
0.40000,1104827963,LA POSADA AT PARK CENTRE INC,700 S LA POSADA CIR,,GREEN VALLEY,AZ,856145100,5206488380,Rehabilitation - Comprehensive Outpatient Rehabilitation Facility (CORF),,,,,,,,,,,,,,
0.40000,1588665269,RF EYE PC,2445 E WILCOX DR,,SIERRA VISTA,AZ,85635,5204588131,Ambulatory Surgical,,,,,,,,,,,,,,
0.40000,1053312777,CORNERSTONE HOSPICE INC.,7310 N 16TH ST,230,PHOENIX,AZ,850205258,6022630925,Hospice Care - Community Based,,,,,,,,,,,,,,
0.40000,1588665210,BOWIE INVESTMENT GROUP INC,7310 N 16TH ST,SUITE 165,PHOENIX,AZ,850205258,6022669971,Home Health,,,,,,,,,,,,,,
0.40000,1518968767,BISBEE HOSPITAL ASSOCIATION,101 COLE AVE,,BISBEE,AZ,856031327,5204325383,Critical Access,,,,,,,,,,,,,,
0.40000,1629079975,PARK WAVERLY HEALTHCARE LLC,2001 NORTH PARK AVENUE,,TUCSON,AZ,857193558,5208826151,Skilled Nursing Facility,,,,,,,,,,,,,,
0.40000,1649271966,SUNLAND HEALTH ASSOCIATES LLC,51 S 48TH ST,,MESA,AZ,852061250,4808328333,Skilled Nursing Facility,,,,,,,,,,,,,,
0.40000,1760483994,COMMUNITY HEALTHCARE OF DOUGLAS INC,2174 W OAK AVE,,DOUGLAS,AZ,856076003,5203647931,Critical Access,,,,,,,,,,,,,,
0.40000,1972505881,VILLARAZA CORPORATION,P.O. BOX 790,,MESA,AZ,852110790,4807266553,Home Health,,,,,,,,,,,,,,
0.40000,1710989793,EMERGENCY CARE DYNAMICS INC,PO BOX 28247,,TEMPE,AZ,852858247,4809676500,Emergency Medicine,,,,,,,,,,,,,,
0.40000,1700888716,PHYSICIAN ASSISTANT SERVICES,PO BOX 27514,,TEMPE,AZ,852857514,4809676500,Surgical,,,,,,,,,,,,,,
0.40000,1447251541,TUCSON MUSCULOSKELETAL LLC,PO BOX 13186,,TUCSON,AZ,857323186,5203243922,Ambulatory Surgical,,,,,,,,,,,,,,
0.40000,1245232040,TAHIR SURGICAL CLINIC,5656 S POWER RD,SUITE 116,GILBERT,AZ,852958489,4808548124,Surgery,,,,,,,,,,,,,,
0.40000,1063414860,M&M POWELL INC.,PO BOX 27514,,TEMPE,AZ,852857514,4809676500,Physician Assistant,,,,,,,,,,,,,,
0.40000,1821090390,DJLW HEALTH SERVICES INC.,5432 E SOUTHERN AVE,#106,MESA,AZ,852062772,4809816767,Prosthetic/Orthotic Supplier,,,,,,,,,,,,,,
0.40000,1083616569,P.E.T. SCAN ARIZONA LLC,PO BOX 27340,,PHOENIX,AZ,850617340,6029439200,Radiology,,,,,,,,,,,,,,
0.40000,1912909391,THE CARING HOUSE,PO BOX 2187,,SACATON,AZ,852470056,5205627400,Skilled Nursing Facility,,,,,,,,,,,,,,
0.40000,1093707242,ELOY FIRE DISTRICT,4010 N TOLTEC RD,,ELOY,AZ,851311400,5204663544,Ambulance,,,,,,,,,,,,,,
0.40000,1306838354,CIGNA HEALTH CARE OF ARIZONA INC,25500 N NORTERRA DR,,PHOENIX,AZ,850858200,6232771168,Pharmacy,,,,,,,,,,,,,,
0.40000,1679565642,AJO AMBULANCE INC,1850 N AJO GILA BEND HWY,,AJO,AZ,853211117,5203875154,Land Transport,,,,,,,,,,,,,,
0.40000,1811989866,HIGHLAND HEALTHCARE LLC,4635 N 14TH ST,,PHOENIX,AZ,850144016,6022649039,Skilled Nursing Facility,,,,,,,,,,,,,,
0.40000,1558353755,ORO DENTAL MEDICINE,10425 N ORACLE RD,SUITE 125,TUCSON,AZ,857379357,5202972227,General Practice,,,,,,,,,,,,,,
0.40000,1144212093,SCOTTSDALE RESIDENTIAL CARE INVESTORS,2620 N 68TH ST,,SCOTTSDALE,AZ,852571202,4809466571,Assisted Living - Behavioral Disturbances,Skilled Nursing Facility,,,,,,,,,,,,,
0.40000,1457343303,ARIZONA CARDIOLOGY GROUP PC,340 E PALM LN,SUITE 175,PHOENIX,AZ,850044603,6023861100,Cardiovascular Disease,,,,,,,,,,,,,,
0.40000,1730171612,PROFESSIONAL DIAGNOSTIX,340 E PALM LN,SUITE 175,PHOENIX,AZ,850044603,6023861100,Cardiovascular Disease,,,,,,,,,,,,,,
0.40000,1588656425,DANIELA OZARCHEVICI,1917 E PRESIDIO RD,,PHOENIX,AZ,850225033,4803833522,Assisted Living Facility,,,,,,,,,,,,,,
0.40000,1053303867,DESERT PEDIATRIC SPECIALTY CARE PC,515 E CAREFREE HWY,PMB 1126,PHOENIX,AZ,850858839,6234659866,Pediatrics,,,,,,,,,,,,,,
0.40000,1730171539,PHYSICIAN BUSINESS SERVICES LLC,1040 WHIPPLE ST,SUITE 209,PRESCOTT,AZ,863051613,9287766400,Family Medicine,Internal Medicine,Pediatrics,,,,,,,,,,,,
0.40000,1851383665,NASSAN & ASSOCIATES,3303 N 75TH ST,,SCOTTSDALE,AZ,852516402,4809462286,Specialist,,,,,,,,,,,,,,
0.40000,1720070303,PRESCOTT FAMILY MEDICINE PLLC,726 GAIL GARDNER WAY,SUITE B,PRESCOTT,AZ,863052314,9284454100,Family Medicine,,,,,,,,,,,,,,
0.40000,1992797724,CENTRAL PHOENIX FAMILY MEDICINE PLC,333 W THOMAS RD,SUITE 207,PHOENIX,AZ,850134417,6024958960,Family Medicine,,,,,,,,,,,,,,
0.40000,1134111834,WILLOW VALLEY MEDICAL CENTER PC,8700 HIGHWAY 95,,MOHAVE VALLEY,AZ,864408519,7602172464,Family Medicine,,,,,,,,,,,,,,
0.40000,1356333934,GOLDER RANCH FIRE DISTRICT,3885 E GOLDER RANCH DR,,TUCSON,AZ,857399117,5208259001,Ambulance,,,,,,,,,,,,,,
0.40000,1104818822,ARIZONA CHILDRENS SURGERY PC,PO BOX 41090,,MESA,AZ,852741090,4804649400,Pediatric Surgery,,,,,,,,,,,,,,
0.40000,1649262239,PRESIDIO HEALTH ASSOCIATES LLC,2611 N WARREN AVE,,TUCSON,AZ,857193160,5207959574,Skilled Nursing Facility,,,,,,,,,,,,,,
0.40000,1083606529,CROSSROADS PEDIATRICS PLLC,655 S. DOBSON RD,SUITE B-218,CHANDLER,AZ,852245671,4807221180,Pediatrics,,,,,,,,,,,,,,
0.40000,1376535674,NORTH MOUNTAIN HEALTHCARE LLC,11411 N 19TH AVE,,PHOENIX,AZ,850293642,6022567500,Skilled Nursing Facility,,,,,,,,,,,,,,
0.40000,1134111529,HAVASU PHYSICAL THERAPY,2126 MCCULLOCH BLVD N,STE 18,LAKE HAVASU CITY,AZ,864036742,9288547676,Physical Therapist,,,,,,,,,,,,,,
0.40000,1649262064,INTEGRATIVE CARDIOLOGY PLLC,7700 E INDIAN SCHOOL RD,SUITE 2,SCOTTSDALE,AZ,852514043,4809410800,Cardiovascular Disease,,,,,,,,,,,,,,
0.40000,1760474019,HORIZON OB-GYN PLC,215 S DOBSON RD,#1,CHANDLER,AZ,852246227,4808993000,Obstetrics & Gynecology,,,,,,,,,,,,,,
0.40000,1225021579,EAST THOMAS CHIROPRACTIC CENTER PC,1802 E THOMAS RD,SUITE 16,PHOENIX,AZ,850168134,6022656893,Chiropractor,,,,,,,,,,,,,,
0.40000,1639162779,KEMPTON & NELSON DIAGNOSTICS LLC,4852 E BASELINE RD,SUITE 109,MESA,AZ,852064627,4806106400,Physiological Laboratory,,,,,,,,,,,,,,
0.40000,1528051620,GREATER ARIZONA GASTROENTEROLOGY & ASSOCIATES PC,1780 E FLORENCE BLVD,#104,CASA GRANDE,AZ,851224782,5204261928,Gastroenterology,,,,,,,,,,,,,,
0.40000,1831182989,KEMPTON AND NELSON THERAPY CLINICS,2745 S ALMA SCHOOL RD,SUITE 3,CHANDLER,AZ,852864405,4809644242,Physical Therapist,,,,,,,,,,,,,,
0.40000,1568455608,KEMPTON PHYSICAL THERAPY & SPORTS MEDICINE,6960 E BROADWAY RD,,MESA,AZ,852081916,4808079000,Physical Therapist,,,,,,,,,,,,,,
0.40000,1811980972,WESTCARE INC,13232 N TATUM BLVD,,PHOENIX,AZ,850326459,6029965200,Skilled Nursing Facility,,,,,,,,,,,,,,
0.40000,1902899933,PHOENIX MOUNTAIN NURSING CENTER INC,13232 N TATUM BLVD,,PHOENIX,AZ,85032,6029965200,Skilled Nursing Facility,,,,,,,,,,,,,,
0.40000,1811980709,G T THOMPSON CHIROPRACTIC INC,6425 E BROADWAY BLVD,,TUCSON,AZ,85710,5207333371,Chiropractor,,,,,,,,,,,,,,
0.40000,1679566582,FOREST CANYON ENDOSCOPY & SURGERY CTR PC,560 N SWITZER CANYON DR,,FLAGSTAFF,AZ,860014844,9287743044,Ambulatory Surgical,,,,,,,,,,,,,,
0.40000,1720071608,UNITED STATES AIR FORCE,2407 N 127TH LN,,AVONDALE,AZ,853236576,6235364774,Military Hospital,,,,,,,,,,,,,,
0.40000,1548253529,ARIZONA PEDIATRIC HEMATOLOGY,1432 S DOBSON RD,STE 107,MESA,AZ,852024768,4808331123,Pediatric Hematology-Oncology,,,,,,,,,,,,,,
0.40000,1982697728,RINCON VALLEY FIRE DISTRICT,14550 E SANDS RANCH RD,,VAIL,AZ,856418862,5206473760,Ambulance,,,,,,,,,,,,,,
0.40000,1124011812,ABOVE & BEYOND THERAPY SERVICES LLC,3233 W PEORIA AVE,SUITE 224,PHOENIX,AZ,850294614,6028662231,Physical Therapist,Physical Therapy,Rehabilitation,,,,,,,,,,,,
0.40000,1023001567,ROY R. GETTEL MDPLLC,1980 W HOSPITAL DR,,TUCSON,AZ,857047804,5207420900,Specialist,,,,,,,,,,,,,,
0.40000,1073506416,MONTEZUMA RIMROCK FIRE DISTRICT,3240 E BEAVER CREEK RD,,RIMROCK,AZ,863355127,9285677428,Ambulance,,,,,,,,,,,,,,
0.40000,1528051059,SALLIGATORS INC.,41149 N COYOTE RD,,QUEEN CREEK,AZ,852429680,4802725505,Massage Therapist,,,,,,,,,,,,,,
0.40000,1558355834,THE NEW FOUNDATION,1200 N 77TH ST,,SCOTTSDALE,AZ,852573708,4809453302,Residential Treatment Facility - Emotionally Disturbed Children,,,,,,,,,,,,,,
0.40000,1639163900,TRI-VALLEY CLINICAL LABORATORY INC,1281 E COTTONWOOD LN,,CASA GRANDE,AZ,852222949,5208765770,Clinical Medical Laboratory,,,,,,,,,,,,,,
0.40000,1356335632,CHRISTIAN CARE NURSING CENTER INC.,PO BOX 83210,,PHOENIX,AZ,850713210,6028613241,Skilled Nursing Facility,,,,,,,,,,,,,,
0.40000,1356335541,SUNWEST REHAB CO LLC,513 W THOMAS RD,,PHOENIX,AZ,850134211,6022309493,Durable Medical Equipment & Medical Supplies,,,,,,,,,,,,,,
0.40000,1144214354,LIGHTHOUSE CENTER INC.,10752 N 89TH PL,SUITE 113,SCOTTSDALE,AZ,852606730,4804510819,,,,,,,,,,,,,,,
0.40000,1588658652,THREE POINTS FIRE DISTRICT,11200 S SIERRITA MOUNTAIN RD,PMB 328,TUCSON,AZ,857361434,5208221086,Ambulance,,,,,,,,,,,,,,
0.40000,1871587659,BRUCE L DALKIN MD PC,5240 E KNIGHT DR,SUITE 108,TUCSON,AZ,857122122,5203214266,Urology,,,,,,,,,,,,,,
0.40000,1194719997,BLACK CANYON FIRE DISTRICT,PO BOX 967,,BLACK CANYON CITY,AZ,853240967,6233745512,Land Transport,,,,,,,,,,,,,,
0.40000,1972597771,J PAUL YURKANIN,5240 E KNIGHT DR,SUITE 108,TUCSON,AZ,857122122,5203214266,Urology,,,,,,,,,,,,,,
0.40000,1518951318,SOUTHERN ARIZONA UROLOGIC ONCOLOGY LTD,5240 E KNIGHT DR,,TUCSON,AZ,857122122,5203214266,Radiation Oncology,Urology,,,,,,,,,,,,,
0.40000,1245224096,HOME HEALTH AGENCY - ARIZONA LLC,2999 N 44TH ST STE 100,,PHOENIX,AZ,850187247,6023828500,Home Health,,,,,,,,,,,,,,
0.40000,1407840176,TOWN OF KEARNY,PO BOX 639,,KEARNY,AZ,852370639,5203635547,Land Transport,,,,,,,,,,,,,,
0.40000,1386638930,CITY OF BISBEE AMBULANCE,118 ARIZONA ST,,BISBEE,AZ,856031800,5203783276,Land Transport,,,,,,,,,,,,,,
0.40000,1811981566,THE CROSSING HOSPICE CARE INC,1500 E BETHANY HOME RD,SUITE 250,PHOENIX,AZ,850142447,6022160330,Hospice Care - Community Based,,,,,,,,,,,,,,
0.40000,1952395444,ARIZONA FAMILY CARE PLLC,PO BOX 11447,,GLENDALE,AZ,853181447,6237732848,Family Medicine,,,,,,,,,,,,,,
0.40000,1215921812,SUNSITES PEARCE FIRE DISTRICT,PO BOX 412,,PEARCE,AZ,856250412,5208263645,Land Transport,,,,,,,,,,,,,,
0.40000,1548254147,SUN HEALTH CORPORATION,PO BOX 53568,,PHOENIX,AZ,850723568,6235445068,Family Medicine,Internal Medicine,Neurological Surgery,Obstetrics & Gynecology,Neurology,,,,,,,,,,
0.40000,1114912698,FORTUNE VEIN CLINIC,7125 E LINCOLN DR,SUITE B109,SCOTTSDALE,AZ,852534429,4809912100,Vascular Surgery,,,,,,,,,,,,,,
0.40000,1669467098,WESTMINSTER VILLAGE INC,12000 N 90TH STREET,,SCOTTSDALE,AZ,85260,4804512000,Skilled Nursing Facility,,,,,,,,,,,,,,
0.40000,1952396145,PINE-STRAWBERRY FIRE DISTRICT,PO BOX 441,,PINE,AZ,85544,9284764272,Ambulance,,,,,,,,,,,,,,
0.40000,1598750713,SCOTTSDALE EYE PHYSICIANS & SURGEONS PC,7550 E 2ND ST,,SCOTTSDALE,AZ,852514504,4809941872,Ophthalmology,,,,,,,,,,,,,,
0.40000,1568457612,PAYSON HOME CARE SERVICES LLC,708 E STATE HIGHWAY 260 STE A1,,PAYSON,AZ,855414969,9284725245,Home Health,,,,,,,,,,,,,,
0.40000,1225023377,GERIATRIC SPECIALTIES OF ARIZONA PC,6838 N 23RD AVE,,PHOENIX,AZ,850151056,6028648800,Internal Medicine,Endocrinology - Diabetes & Metabolism,,,,,,,,,,,,,
0.40000,1053306811,RADIANT HILLS HEALTH ASSOCIATES LLC,9155 N 3RD ST,,PHOENIX,AZ,85020,6022189483,Skilled Nursing Facility,,,,,,,,,,,,,,
0.40000,1225023179,GILA RIVER HEALTH CARE CORPORATION,P.O. BOX 38,,SACATON,AZ,851470038,6025281200,Critical Access,,,,,,,,,,,,,,
0.40000,1760477541,24TH STREET HEALTHCARE ASSOCIATES LLC,2509 N 24TH ST,,PHOENIX,AZ,850081805,6022731347,Skilled Nursing Facility,,,,,,,,,,,,,,
0.40000,1174518013,GLENDALE HEALTHCARE ASSOCIATES LLC,5125 N 58TH AVE,,GLENDALE,AZ,853017453,6239315800,Skilled Nursing Facility,,,,,,,,,,,,,,
0.40000,1033104716,JOHN C. LINCOLN LLC DBA ARCADIA FAMILY CLINIC,2500 W UTOPIA RD,STE. 100,PHOENIX,AZ,850274171,6022146148,Family Medicine,,,,,,,,,,,,,,
0.40000,1497740187,GILA HEALTH RESOURCES,PO BOX 218,,MORENCI,AZ,855400218,9288657502,Emergency Medical Services,Family Medicine,,,,,,,,,,,,,
0.40000,1720073422,WESTERN ARIZONA REGIONAL HOME HEALTH AND HOSPICE INC.,7384 N LA CHOLLA BLVD,,TUCSON,AZ,857412305,5204419914,,,,,,,,,,,,,,,
0.40000,1063408649,AIMS OUTPATIENT SURGERY,3636 N STOCKTON HILL RD,,KINGMAN,AZ,864090514,9287573690,Ambulatory Surgical,,,,,,,,,,,,,,
0.40000,1831184464,BACK & BODYWORKS CHIROPRACTIC,1256 W CHANDLER BLVD,STE 31,CHANDLER,AZ,852245207,4807262614,Chiropractor,,,,,,,,,,,,,,
0.40000,1235125840,MKRP INDUSTRIES INCORPORATION,2451 E BASELINE RD,SUITE 130,GILBERT,AZ,852342471,4805072213,Health Maintenance Organization,,,,,,,,,,,,,,
0.40000,1881680452,PSA BEHAVIORAL HEALTH AGENCY,2255 W NORTHERN AVE,SUITE B-100,PHOENIX,AZ,850214936,6029951767,Public Health or Welfare,,,,,,,,,,,,,,
0.40000,1215923677,DIAMONDBACK PHYSICAL THERAPY,323 S GILBERT RD,SUITE # 115,GILBERT,AZ,852961602,4806326667,Physical Therapist,,,,,,,,,,,,,,
0.40000,1881680254,JEWISH FAMILY & CHILDRENS SERVICE,4747 N. 7TH ST,STE 100,PHOENIX,AZ,85014,6022797655,Community/Behavioral Health,,,,,,,,,,,,,,
0.40000,1437145836,GREENFIELDS ASSISTED LIVING LLC,723 E SECOND AVE,,MESA,AZ,852041039,4806493911,Assisted Living Facility,,,,,,,,,,,,,,
0.40000,1881680122,ARIZONA INSTITUTE OF MEDICINE AND SURGERY,3636 STOCKTON HILL ROAD,,KINGMAN,AZ,86409,9287573680,Body Imaging,Diagnostic Radiology,Urgent Care,Clinical Medical Laboratory,,,,,,,,,,,
0.40000,1922094044,SANTA RITA CARE CENTER LLC,150 N LA CANADA DR,,GREEN VALLEY,AZ,856143129,5206250178,Skilled Nursing Facility,,,,,,,,,,,,,,
0.40000,1629064761,MARK J. PAGE OD PC,15215 S 48TH ST,#180,PHOENIX,AZ,850449142,4807063937,Optometrist,,,,,,,,,,,,,,
0.40000,1245226398,NORTHSIDE MEDICAL CLINIC WALK IN LLC,1394 W 16TH ST,,YUMA,AZ,853644430,9285390055,Urgent Care,,,,,,,,,,,,,,
0.40000,1003802075,BRADSHAW MOUNTAIN DIAGNOSTIC LABORATORY INC.,990 WILLOW CREEK RD,,PRESCOTT,AZ,863011640,9287787823,Clinical Medical Laboratory,,,,,,,,,,,,,,
0.40000,1124014253,STEPPING STONES PEDIATRIC THERAPY,1505 N ALMA SCHOOL RD,STE 2,CHANDLER,AZ,852242900,4806264142,Pediatrics,Speech-Language Pathologist,,,,,,,,,,,,,
0.40000,1740276690,SUN LAKES FIRE DISTRICT,PO BOX 52625,,PHOENIX,AZ,850722625,4808959343,Ambulance,,,,,,,,,,,,,,
0.40000,1073509808,SONORAN SHOULDER ELBOW HAND REHAB PC,899 N. WILMOT ROAD,SUITE D3,TUCSON,AZ,857111713,5207472959,Hand,,,,,,,,,,,,,,
0.40000,1740277136,CASA DE CAPRI ENTERPRISES,1501 E ORANGEWOOD,,PHOENIX,AZ,850205199,6029441574,Skilled Nursing Facility,,,,,,,,,,,,,,
0.40000,1689661613,CRANIAL TECHNOLOGIES INC,1395 W AUTO DR,,TEMPE,AZ,852841026,4804036300,Prosthetic/Orthotic Supplier,,,,,,,,,,,,,,
0.40000,1679560601,CRANIAL TECHNOLOGIES OF MIAMI INC,1395 W AUTO DR,,TEMPE,AZ,852841026,4805051840,Prosthetic/Orthotic Supplier,,,,,,,,,,,,,,
0.40000,1689661639,THE HARBOR LIGHTHOUSE CARE HOME II,4142 W GROVERS AVE,,GLENDALE,AZ,853082926,6023341114,Adult Care Home,,,,,,,,,,,,,,
0.40000,1306833355,THE HARBOR LIGHTHOUSE,5940 W PERSHING AVE,,GLENDALE,AZ,853041123,6237739464,Adult Care Home,,,,,,,,,,,,,,
0.40000,1811984768,NEWBORN INTENSIVE CARE GROUP,PO BOX 14761,,TUCSON,AZ,857324761,,Specialist,,,,,,,,,,,,,,
0.40000,1467449298,ENTEGRITY EAR NOSE & THROAT SPECIALISTS PC,11209 N TATUM BLVD,SUITE 275,PHOENIX,AZ,850283091,6024945090,Plastic Surgery within the Head & Neck,,,,,,,,,,,,,,
0.40000,1932196763,BASHAS INC,22402 S BASHA RD,,CHANDLER,AZ,852484908,4808959350,Pharmacy,,,,,,,,,,,,,,
0.40000,1255329991,HANDMAKER JEWISH SERVICES FOR THE AGING,2221 N ROSEMONT BLVD,,TUCSON,AZ,857122113,5208812323,Skilled Nursing Facility,,,,,,,,,,,,,,
0.40000,1457349037,THUNDERBIRD OASIS COUNSELING INC,8253 W THUNDERBIRD RD,SUITE103,PEORIA,AZ,853814616,6237769921,Clinical,,,,,,,,,,,,,,
0.40000,1205824653,ARIZONA EASTERN STAR RETIREMENT CENTER,4602 N 24TH ST,,PHOENIX,AZ,850165253,,Assisted Living Facility,Skilled Nursing Facility,,,,,,,,,,,,,
0.40000,1992793483,INNER-WORK COUNSELING,3231 S COUNTRY CLUB WAY,SUITE 111,TEMPE,AZ,852824053,4807554016,Addiction (Substance Use Disorder),Mental Health,,,,,,,,,,,,,
0.40000,1275521627,SLO RIDGECREST LLC,16640 N 38TH ST,,PHOENIX,AZ,850322103,6024826671,Nursing Facility/Intermediate Care Facility,Skilled Nursing Facility,,,,,,,,,,,,,
0.40000,1730177288,REGENT MEDICAL CAVE CREEK LLC,16872 N CAVE CREEK RD,,PHOENIX,AZ,850322506,6024947700,Clinic/Center,,,,,,,,,,,,,,
0.40000,1386632719,ALVIN C MATTHEWS DDS PC,7777 N 43RD AVE,,PHOENIX,AZ,850515712,6239370267,Dentist,,,,,,,,,,,,,,
0.40000,1902894272,MOHAVE MENTAL HEALTH CLINIC INC,1743 SYCAMORE AVE,,KINGMAN,AZ,86409,9287578111,Clinic/Center,,,,,,,,,,,,,,
0.40000,1548258759,ORO VALLEY AUDIOLOGY INC,2542 E VISTOSO COMMERCE LOOP,,ORO VALLEY,AZ,857559123,5208254770,Audiologist,,,,,,,,,,,,,,
0.40000,1457349656,DON SCOTT HERRMANN PHD PLLC,10210 N 32ND ST,SUITE # 215,PHOENIX,AZ,850283827,6028280749,Psychologist,,,,,,,,,,,,,,
0.40000,1285622514,DESERT HAND THERAPY LLC,690 N COFCO CENTER CT,SUITE 260,PHOENIX,AZ,850086462,6022796905,,,,,,,,,,,,,,,
0.40000,1841288818,SPINE INSTITUTE OF ARIZONA LTD,9735 N 90TH PL,,SCOTTSDALE,AZ,852585067,6029539500,Multi-Specialty,,,,,,,,,,,,,,
0.40000,1942298997,EL DORADO HOSPITAL,1400 N WILMOT RD,,TUCSON,AZ,857124409,,General Acute Care Hospital,,,,,,,,,,,,,,
0.40000,1649268657,CHRIS RIDGE VILLAGE HEALTH CARE CENTER,6246 N 19TH AVE,,PHOENIX,AZ,850151511,6024336300,Skilled Nursing Facility,,,,,,,,,,,,,,
0.40000,1629066550,HEARTHSTONE HOSPITAL SUN CITY,13818 N THUNDERBIRD BLVD,,SUN CITY,AZ,853512574,6239771325,Skilled Nursing Facility,,,,,,,,,,,,,,
0.40000,1245228170,HEARTHSTONE HOSPITAL MESA,215 S POWER RD,,MESA,AZ,852065235,4809856992,Long Term Care Hospital,Skilled Nursing Facility,,,,,,,,,,,,,
0.40000,1073502787,S K MASOOD MD PA,215 S POWER RD STE 104,,MESA,AZ,852065236,4809242288,Nephrology,,,,,,,,,,,,,,
0.40000,1174512792,TUCSON MEDICAL CENTER,PO BOX 31267,,TUCSON,AZ,857511267,,General Acute Care Hospital,,,,,,,,,,,,,,
0.40000,1023007515,FRIENDSHIP RETIREMENT CORPORATION,8611 N 67TH AVE,,GLENDALE,AZ,853024351,6239399475,Skilled Nursing Facility,,,,,,,,,,,,,,
0.40000,1568451003,CAMELVIEW PHYSICAL THERAPY INC,4250 E CAMELBACK RD,STE K205,PHOENIX,AZ,850188301,6029569434,Physical Therapist,,,,,,,,,,,,,,
0.40000,1134118656,MEHAREEN LLP,PO BOX 41908,,PHOENIX,AZ,850801908,6029733100,Family Medicine,,,,,,,,,,,,,,
0.40000,1184613523,TRI-STATE PHYSICAL THERAPY SERVICES INC,1788 HIGHWAY 95,#14,BULLHEAD CITY,AZ,864426074,9287581007,Physical Therapist,,,,,,,,,,,,,,
0.40000,1144219460,TANQUE VERDE AUDIOLOGY INC,7255 E TANQUE VERDE RD,#131,TUCSON,AZ,857153463,5207513901,Audiologist,,,,,,,,,,,,,,
0.40000,1225027477,MAIN STREET DIAGNOSTIC LLC,636 N MAIN ST,,COTTONWOOD,AZ,863263725,9286394440,Psychiatric Hospital,,,,,,,,,,,,,,
0.40000,1073502167,GARY L MORGAN OD PC,18431 N 91ST AVE,SUITE 1,PEORIA,AZ,853820817,6239336586,Optometrist,,,,,,,,,,,,,,
0.40000,1104815158,CARDIOVASCULAR ASSOCIATES OF MESA PC,6116 E ARBOR AVE,SUITE 112,MESA,AZ,852066103,4806415400,Cardiovascular Disease,,,,,,,,,,,,,,
0.40000,1588654560,DESERT WEST OBSTETRICS & GYNECOLOGY LTD,5601 W EUGIE AVE,#100,GLENDALE,AZ,853041255,6029781500,Obstetrics & Gynecology,,,,,,,,,,,,,,
0.40000,1033109863,HAVASU MEDICAL CARE,1955 MCCULLOCH BLVD N,,LAKE HAVASU CITY,AZ,864035748,9284533007,General Practice,,,,,,,,,,,,,,
0.40000,1073503777,ARCHIE HENDRICKS SR SKILLED NURSING FACILITY,HC 01 BOX 9100,,SELLS,AZ,85634,5203611800,Skilled Nursing Facility,,,,,,,,,,,,,,
0.40000,1326038118,SANDERSON & DUBOIS MOMENTUM PHYSICAL THERAPY LLC,6206 E PIMA ST,SUITE 3,TUCSON,AZ,857127000,5207336227,Physical Therapist,,,,,,,,,,,,,,
0.40000,1003806787,MARCO BAILON SAUCEDO MD PC,490 N CARONDELET DR,WOMENS HEALTH & SURGERY CEN,NOGALES,AZ,856212453,5202872257,Obstetrics & Gynecology,,,,,,,,,,,,,,
0.40000,1508856089,THE BEATITUDES CAMPUS,1616 W GLENDALE AVE,,PHOENIX,AZ,850218948,6029952611,Assisted Living Facility,Skilled Nursing Facility,,,,,,,,,,,,,
0.40000,1093705378,WESTERN MEDICAL,2202 E UNIVERSITY DR,,PHOENIX,AZ,850346804,,Durable Medical Equipment & Medical Supplies,,,,,,,,,,,,,,
0.40000,1902896236,SOUTHWEST DIAGNOSTIC IMAGING LTD,2323 W ROSE GARDEN LN,,PHOENIX,AZ,850272530,6025216200,Nuclear Radiology,Diagnostic Radiology,Vascular & Interventional Radiology,,,,,,,,,,,,
0.40000,1821088956,ARROWHEAD BEHAVIORAL HEALTH,9865 W BELL RD,,SUN CITY,AZ,853511344,6238761246,Counselor,,,,,,,,,,,,,,
0.40000,1891785929,COUNTY OF GREENLEE,PO BOX 218,401 BURRO ALLEY,MORENCI,AZ,855400218,9288659184,Land Transport,,,,,,,,,,,,,,
0.40000,1902897820,YAVAPAI COMMUNITY HOSPITAL ASSOCIATION,1003 WILLOW CREEK ROAD,,PRESCOTT,AZ,86301,9287595997,General Acute Care Hospital,,,,,,,,,,,,,,
0.40000,1699766592,WHITE MOUNTAIN COMMUNITIES HOSPITAL INC,118 S MOUNTAIN AVE,,SPRINGERVILLE,AZ,859385104,9283334368,Critical Access,,,,,,,,,,,,,,
0.40000,1699766410,GREENFIELD FAMILY DENTISTRY PC,875 N GREENFIELD RD,STE 114,GILBERT,AZ,852345044,4806326999,General Practice,,,,,,,,,,,,,,
0.40000,1871584698,NEIGHBORHOOD FAMILY PRACTICE PC,6360 E THOMAS RD,STE 218,SCOTTSDALE,AZ,852517054,4809497340,Family Medicine,Internal Medicine,,,,,,,,,,,,,
0.40000,1588655336,KARO INC DBA,2601 N 3RD ST,#125,PHOENIX,AZ,850041150,6022342994,Clinical Medical Laboratory,,,,,,,,,,,,,,
0.40000,1386635134,TEMPE LIFE CARE VILLAGE INC,2645 E SOUTHERN AVE,,TEMPE,AZ,852827649,4808310880,Assisted Living Facility,Alzheimer Center (Dementia Center),Skilled Nursing Facility,,,,,,,,,,,,
0.40000,1497746127,TUCSON CENTRAL PEDIATRICS,630 N ALVERNON WAY,SUITE 171,TUCSON,AZ,857111843,5203258000,Pediatrics,,,,,,,,,,,,,,
0.40000,1265423917,KINGMAN HOSPITAL INC,3269 N STOCKTON HILL RD,,KINGMAN,AZ,864093619,9286818655,Home Health,Hospice Care - Community Based,General Acute Care Hospital,Physiological Laboratory,,,,,,,,,,,
0.40000,1174514756,YOUR FAMILY PHYSICIAN PC,1920 E BELL RD UNIT 1156,,PHOENIX,AZ,850226290,6028334686,Family Medicine,,,,,,,,,,,,,,
0.40000,1902897580,LEO J WIRTH DDS PC,1150 N COUNTRY CLUB DR,STE 11,MESA,AZ,852012537,4809643124,General Practice,Dental Hygienist,,,,,,,,,,,,,
0.40000,1952392581,SUN LAKES FAMILY PHYSICIANS LLC,10450 E RIGGS RD,STE 114,SUN LAKES,AZ,852487758,4805052450,Family Medicine,,,,,,,,,,,,,,
0.40000,1063403616,MRI OF ARIZONA INC,701 W GLENDALE AVE,,PHOENIX,AZ,850218629,6022949009,Clinical Medical Laboratory,,,,,,,,,,,,,,
