1144223199,MAJOR COUNTY EMERGENCY MEDICAL SERVICE,PO BOX 511,,FAIRVIEW,OK,737370511,5802272322,Land Transport,,,,,,,,,,,,,,
1336142371,CITY OF MEDFORD,PO BOX 123,,MEDFORD,OK,73759,5803952823,Land Transport,,,,,,,,,,,,,,
1285637470,TOWN OF BILLINGS,PO BOX 216,,BILLINGS,OK,746300216,5807253696,Land Transport,,,,,,,,,,,,,,
1588667760,CHEROKEE NATION,PO BOX 977,,TAHLEQUAH,OK,744650977,9184535648,Land Transport,,,,,,,,,,,,,,
1104829365,COMMUNITY AMBULANCE SERVICE,PO BOX 811,,SEILING,OK,736630811,5809224241,Land Transport,,,,,,,,,,,,,,
1750384764,CITY OF PERRY,PO BOX 798,,PERRY,OK,730770798,5803364111,Land Transport,,,,,,,,,,,,,,
1134122344,CITY OF ALVA,415 4TH ST,,ALVA,OK,737172339,5803271340,Land Transport,,,,,,,,,,,,,,
1760485767,MINOR EMERGENCY CLINIC,402 S OAKWOOD RD,STE B,ENID,OK,737034945,5802341831,Homeopath,,,,,,,,,,,,,,
1376546556,TOWN OF CASHION,PO BOX 27,,CASHION,OK,730160027,4054332243,Land Transport,,,,,,,,,,,,,,
1962405118,LITTLE BIRD NURSING HOME,PO BOX 608,,WEATHERFORD,OK,730960608,5807723993,Nursing Facility/Intermediate Care Facility,,,,,,,,,,,,,,
1104829290,LAVERNE AMBULANCE SERVICE,PO BOX 902,,LAVERNE,OK,738480902,5809213930,Land Transport,,,,,,,,,,,,,,
1730182908,CITY OF COALGATE,3 S MAIN ST,,COALGATE,OK,745382838,5809273913,Emergency Medical Technician - Basic,Land Transport,,,,,,,,,,,,,
1528061728,CITY OF BLACKWELL,PO BOX 350,,BLACKWELL,OK,746310350,5803637200,Land Transport,,,,,,,,,,,,,,
1700889839,GARBER EMERGENCY MEDICAL SERVICE (GEMS),19907 E PHILLIPS RD,,GARBER,OK,737380497,5808632961,Land Transport,,,,,,,,,,,,,,
1609879840,HUGHES COUNTY EMERGENCY MEDICAL SERVICES,PO BOX 671,,HOLDENVILLE,OK,748480671,4053797046,Land Transport,,,,,,,,,,,,,,
1215930359,CITY OF KINGFISHER,301 N MAIN ST,,KINGFISHER,OK,737502749,4053754070,Land Transport,,,,,,,,,,,,,,
1942203070,ELLIS COUNTY EMS,PO BOX 591,,SHATTUCK,OK,738580591,5809385267,Land Transport,,,,,,,,,,,,,,
1609879717,TOWN OF KEYES OKLAHOMA,PO BOX 121,,KEYES,OK,739470121,5805467651,Land Transport,,,,,,,,,,,,,,
1447253240,BAPTIST VILLAGE RETIREMENT COMMUNITIES OF OKLAHOMA INC,9700 MASHBURN BLVD,,OKLAHOMA CITY,OK,731625509,4057212466,Nursing Facility/Intermediate Care Facility,Skilled Nursing Facility,,,,,,,,,,,,,
1598768335,JACKSON COUNTY EMERGENCY MEDICAL SERVICE DISTRICT,1309 N PARK LN,,ALTUS,OK,735214552,5804774112,Land Transport,,,,,,,,,,,,,,
1710980552,BARTLESVILLE CARE CENTER INC.,3434 KENTUCKY PL,,BARTLESVILLE,OK,740062339,9183339545,Skilled Nursing Facility,,,,,,,,,,,,,,
1295738011,OKLAHOMA EYE CENTER OPTICAL,9343 S MINGO RD,,TULSA,OK,741335702,9182504554,Durable Medical Equipment & Medical Supplies,,,,,,,,,,,,,,
1427051408,BRITTON VISION ASSOCIATES INC,14701 N SANTA FE AVE,,EDMOND,OK,730133411,4057522733,Ophthalmology,,,,,,,,,,,,,,
1750384426,CORDELL MEMORIAL HOSPITAL 0189,1220 N GLENN L ENGLISH ST,,CORDELL,OK,736322010,5808323339,Critical Access,,,,,,,,,,,,,,
1043213010,SOUTHWEST OKLAHOMA AMBULANCE AUTHORITY,PO BOX 88,,HOLLIS,OK,735500088,5806883363,Land Transport,,,,,,,,,,,,,,
1588667554,COUNTY OF TILLMAN-CITY OF FREDERICK HOSPITAL AUTHORITY,319 E JOSEPHINE AVE,,FREDERICK,OK,735422220,5803357565,General Acute Care Hospital,,,,,,,,,,,,,,
1285637017,SOUTHWEST IMAGING CENTER INC,5116 W GORE BLVD,STE 1,LAWTON,OK,735055909,5803537226,Diagnostic Radiology,,,,,,,,,,,,,,
1780687590,PHOENIX HEALTHCARE LLC,10912 E 14TH ST,,TULSA,OK,741284845,9184382440,Skilled Nursing Facility,,,,,,,,,,,,,,
1043213002,CITY OF WAYNOKA,201 E CECIL ST,,WAYNOKA,OK,738601233,5808242261,Land Transport,,,,,,,,,,,,,,
1033112776,LEEDEY AMBULANCE SERVICE,PO BOX 190,,LEEDEY,OK,736540190,5804883812,Land Transport,,,,,,,,,,,,,,
1225031826,CITY OF TUTTLE,PO BOX 10,,TUTTLE,OK,73089,4053814464,Emergency Medical Technician - Intermediate,,,,,,,,,,,,,,
1225031891,MTN. VIEW-GOTEBO AMBULANCE SERVICE,BOX 294,,MT. VIEW,OK,730620294,5803472268,Land Transport,,,,,,,,,,,,,,
1003819715,THERAPY IN MOTION PC,2475 BOARDWALK ST,,NORMAN,OK,730696332,4054471991,Physical Therapy,,,,,,,,,,,,,,
1336142033,OKEENE MUNICIPAL HOSPITAL AND SCHALLMO AUTHORITY,PO BOX 489,,OKEENE,OK,737630489,5808224417,Critical Access,,,,,,,,,,,,,,
1891798450,CITY OF POND CREEK,PO BOX 6,,POND CREEK,OK,737660006,5805324915,Land Transport,,,,,,,,,,,,,,
1316940034,MCALESTER REGIONAL HEALTH CENTER AUTHORITY,1 E CLARK BASS BLVD,,MCALESTER,OK,745014209,9184261800,Rural,,,,,,,,,,,,,,
1871596569,CHEROKEE SERVICES,22122 E 63RD ST,,BROKEN ARROW,OK,740142007,9188085526,Nursing Facility Supplies,Parenteral & Enteral Nutrition,Oxygen Equipment & Supplies,,,,,,,,,,,,
1487657177,CITY OF MARSHALL,PO BOX 277,,MARSHALL,OK,730560277,5809356785,Land Transport,,,,,,,,,,,,,,
1548263197,COMPASSIONATE CARE HOSPICE LLC,618 NW 32ND ST,,OKLAHOMA CITY,OK,731187343,4059484357,Home Health,,,,,,,,,,,,,,
1194728634,MEDLINC INC,PO BOX 853,,EL RENO,OK,730360853,4052624262,Oxygen Equipment & Supplies,,,,,,,,,,,,,,
1134122534,CINDY L. SMITH,8121 S WESTERN AVE,STE I,OKLAHOMA CITY,OK,731392546,4053660184,Prosthetic/Orthotic Supplier,,,,,,,,,,,,,,
1134122591,VICI - CAMARGO EMS,PO BOX 239,,VICI,OK,738590239,5809953350,Land Transport,,,,,,,,,,,,,,
1043213382,LOGAN HOSPITAL AND MEDICAL CENTER AUTHORITY,PO BOX 1017,,GUTHRIE,OK,730441017,4052826700,Critical Access,,,,,,,,,,,,,,
1518969740,PROFESSIONAL HOME CARE OF GARVIN COUNTY OKLAHOMA INC,2510 W GRANT AVE,,PAULS VALLEY,OK,730759247,4052387563,Home Health,,,,,,,,,,,,,,
1518969781,INDIAN NATIONS HEALTH CARE LLC,700 JONES ST,,BROKEN BOW,OK,747285304,5805846433,Skilled Nursing Facility,,,,,,,,,,,,,,
1992707947,LAPLANTE REHAB,2174 S SHERIDAN RD,STE B,TULSA,OK,741291002,9188359827,Durable Medical Equipment & Medical Supplies,,,,,,,,,,,,,,
1134121197,BAPTIST VILLAGE RETIREMENT COMMUNITIES OF OKLAHOMA INC.,PO BOX 608,,HUGO,OK,747430608,5803268383,Nursing Facility/Intermediate Care Facility,Skilled Nursing Facility,,,,,,,,,,,,,
1366446254,CITY OF CHICKASHA,101 N 6TH ST,,CHICKASHA,OK,730182407,4052226033,Land Transport,,,,,,,,,,,,,,
1356346738,QUALITY HOME MEDICAL EQUIPMENT,524 E MAIN ST,,STROUD,OK,740794217,9189689226,Oxygen Equipment & Supplies,,,,,,,,,,,,,,
1114922598,CENTRAL OKLAHOMA UNITED METHODIST RETIREMENT FACILITY INC,14901 N PENNSYLVANIA AVE,,OKLAHOMA CITY,OK,731346069,4057521200,Nursing Facility/Intermediate Care Facility,Skilled Nursing Facility,,,,,,,,,,,,,
1215932629,MCRAY EYECARE PLLC,PO BOX 1372,,CHICKASHA,OK,730231372,4052035520,Optometrist,,,,,,,,,,,,,,
1457356560,TULSA COUNTY JUVENILE JUSTICE TRUST AUTHORITY,4012 E 35TH ST,,TULSA,OK,741354528,9187496668,Community Based Residential Treatment Facility - Mental Illness,,,,,,,,,,,,,,
1750386223,SEMINOLE MEDICAL CLINIC,2403 W WRANGLER BLVD,STE A,SEMINOLE,OK,748681900,4053824939,Primary Care,,,,,,,,,,,,,,
1023014578,CONSOLIDATED OILFIELD RENTALS INC,PO BOX 653,,CLINTON,OK,736010653,5803235666,Parenteral & Enteral Nutrition,Oxygen Equipment & Supplies,Prosthetic/Orthotic Supplier,,,,,,,,,,,,
1639175185,WEATHERFORD HOSPITAL AUTHORITY,3701 E MAIN ST,,WEATHERFORD,OK,730963309,5807725551,Critical Access,,,,,,,,,,,,,,
1295731792,PLAZA MEDICAL GROUP PC,3545 NW 58TH ST,STE 450,OKLAHOMA CITY,OK,731124726,4059484040,Transplant Surgery,Pain Medicine,Family Medicine,Internal Medicine,Cardiovascular Disease,Endocrinology - Diabetes & Metabolism,Gastroenterology,Interventional Cardiology,Surgery,Vascular Surgery,Thoracic Surgery (Cardiothoracic Vascular Surgery),Hospitalist,Diagnostic Radiology,,
1821093352,PSG - WILLOW PARK LLC,7019 NW CACHE RD,,LAWTON,OK,735052707,5805361279,Nursing Facility/Intermediate Care Facility,Skilled Nursing Facility,,,,,,,,,,,,,
1245236652,PERRY MEMORIAL HOSPITAL AUTHORITY,501 N 14TH ST,,PERRY,OK,730775021,5803363541,General Acute Care Hospital,,,,,,,,,,,,,,
1154327310,ORTHOTIC PROSTHETIC SOLUTIONS,815 S PINE ST,,STILLWATER,OK,740744350,4053778200,Prosthetic/Orthotic Supplier,,,,,,,,,,,,,,
1972509172,WADLEY CARE CENTER,P.O. BOX 1675,,PURCELL,OK,730801675,4055277798,Skilled Nursing Facility,,,,,,,,,,,,,,
1710983986,ACE MEDICAL HOME CARE INC.,13 S MAIN ST,,MCALESTER,OK,745015361,9184232700,Oxygen Equipment & Supplies,,,,,,,,,,,,,,
1053317107,PSG TEMPLE LLC,100 GREEN AVENUE,,TEMPLE,OK,73568,5803426228,Skilled Nursing Facility,,,,,,,,,,,,,,
1427054337,SAUNDRA S BASEY HERRIAGE,10412 CONDOR TER,,OKLAHOMA CITY,OK,731624439,4057209002,Customized Equipment,,,,,,,,,,,,,,
1700882578,NORMAN REGIONAL HOSPITAL AUTHORITY,901 N PORTER AVE,,NORMAN,OK,730716404,4053071000,General Acute Care Hospital,,,,,,,,,,,,,,
1124024740,PAUL JONES DRUG INC,PO BOX 467,,ELK CITY,OK,736480467,5802252121,Community/Retail Pharmacy,Long Term Care Pharmacy,,,,,,,,,,,,,
1508862160,TRIAD EYE INSTITUTE PLLC,6140 S MEMORIAL DR,,TULSA,OK,741331933,9182522020,Ambulatory Surgical,,,,,,,,,,,,,,
1760489223,LAWTON INDIAN HOSPITAL,1515 NE LAWRIE TATUM RD,,LAWTON,OK,735073002,5803545150,General Acute Care Hospital,,,,,,,,,,,,,,
1356348783,AFFORDABLE PRICE VISION CTR INC,2700 SW 29TH ST,,OKLAHOMA CITY,OK,731191806,4056329749,Optometrist,Eyewear Supplier (Equipment - not the service),,,,,,,,,,,,,
1649277187,CITY OF GUTHRIE,PO BOX 908,,GUTHRIE,OK,730440908,,Land Transport,,,,,,,,,,,,,,
1346247822,IHS BALLARD NURSING CENTER,201 W 5TH ST,,ADA,OK,748203415,5804360950,Skilled Nursing Facility,,,,,,,,,,,,,,
1417954900,IHS STONEGATE NURSING CENTER INC,130 E 6TH STREET,,STONEWALL,OK,748710277,5804360950,Skilled Nursing Facility,,,,,,,,,,,,,,
1629075122,IHS WOODLAND HILLS NURSING CENTER INC,201 W 5TH ST,,ADA,OK,748203415,5804360950,Skilled Nursing Facility,,,,,,,,,,,,,,
1538166038,BINGER NURSING HOME,PO BOX R,HWY 281 N.,BINGER,OK,730090179,4056562302,Nursing Facility/Intermediate Care Facility,,,,,,,,,,,,,,
1699772806,JACK JUSTICE,110 A BURR AVE,PO BOX 1220,PAULS VALLEY,OK,730751220,4052387391,Durable Medical Equipment & Medical Supplies,Community/Retail Pharmacy,Compounding Pharmacy,Long Term Care Pharmacy,,,,,,,,,,,
1174520324,SANZRO LLC,915 FRISCO AVE,,CLINTON,OK,736013324,5803232020,Pharmacy,Community/Retail Pharmacy,Long Term Care Pharmacy,,,,,,,,,,,,
1144227166,CAMPBELL DRUG INCORPORATED,406 E HALL OF FAME AVE,SUITE 100A,STILLWATER,OK,740755428,4057073005,Durable Medical Equipment & Medical Supplies,Pharmacy,,,,,,,,,,,,,
1144227950,HASKELL COUNTY NURSING CENTER,1402 NW 7TH ST,,STIGLER,OK,744622791,9189673381,Skilled Nursing Facility,,,,,,,,,,,,,,
1356348296,SAINT FRANCIS HOME HEALTH INC,6600 S YALE AVE,SUITE 350,TULSA,OK,741363310,9184946465,Hospice Care - Community Based,,,,,,,,,,,,,,
1770580599,LOIS M CHAPPELL-BOSOMFRIEND,5221 SE 12TH ST,,DEL CITY,OK,731154505,4056773907,Durable Medical Equipment & Medical Supplies,,,,,,,,,,,,,,
1629076377,DALECO INC,1401 S BOULDER AVE,STE 300,TULSA,OK,741193647,,Community/Retail Pharmacy,,,,,,,,,,,,,,
1811995301,OKEMAH PHARMACY INC.,623 W MAIN ST,,HENRYETTA,OK,744374245,9186523361,Durable Medical Equipment & Medical Supplies,Community/Retail Pharmacy,Long Term Care Pharmacy,,,,,,,,,,,,
1447258074,VASCULAR ENHANCEMENT CENTER LLC,8523 E 11TH ST,SUITE A,TULSA,OK,741127963,9188369100,Rehabilitation - Comprehensive Outpatient Rehabilitation Facility (CORF),,,,,,,,,,,,,,
1598763005,DISHMAN PHARMACY INC,PO BOX 306,,LAWTON,OK,735020306,5803538561,Pharmacy,,,,,,,,,,,,,,
1609874072,ALL SAINTS HOME MEDICAL LLC,3218 S 79TH EAST AVE,SUITE 100,TULSA,OK,741451316,9186244400,Durable Medical Equipment & Medical Supplies,Oxygen Equipment & Supplies,,,,,,,,,,,,,
1245238559,PARKERS UNITED INC.,341 W CHESTNUT,,NOBLE,OK,730688545,4058727117,Durable Medical Equipment & Medical Supplies,,,,,,,,,,,,,,
1710985064,LAUREATE PSYCHIATRIC CLINIC AND HOSPITAL INC,PO BOX 707001,,TULSA,OK,741707001,9185028010,,,,,,,,,,,,,,,
1104824440,BROKEN ARROW MEDICAL CENTER INC,6600 S YALE AVE,SUITE 500,TULSA,OK,741363310,9185028010,,,,,,,,,,,,,,,
1710985080,CHEROKEE NATION HOME HEALTH OUTREACH,2061 MAHANEY AVE,,TAHLEQUAH,OK,744645731,9184565051,Case Management,,,,,,,,,,,,,,
1164420303,LIGHTNING CREEK INVESTMENT GROUP INC.,PO BOX 177,200 WEST 3RD,HELENA,OK,737410177,5808523286,Skilled Nursing Facility,,,,,,,,,,,,,,
1952309064,STATE OF OKLAHOMA,900 E AIRPORT RD,,OKMULGEE,OK,74447,9182662470,Rehabilitation Hospital,,,,,,,,,,,,,,
1437157559,MERICH CORPORATION,7210 NW CACHE RD,,LAWTON,OK,735052712,5805361133,Community/Retail Pharmacy,Long Term Care Pharmacy,,,,,,,,,,,,,
1053319012,SLEEP CENTER OF AMERICA AT NORMAN,2500 MCGEE DR,SUITE 145,NORMAN,OK,730726722,4054476017,Clinical Medical Laboratory,,,,,,,,,,,,,,
1508864471,RAINBOW MANAGEMENT LLC,4532 -H E. 51ST STREET,SUITE H,TULSA,OK,74135,9185230222,Skilled Nursing Facility,,,,,,,,,,,,,,
1285632026,WESTLAKE NURSING HOME LP,13500 BRANDON PL,,OKLAHOMA CITY,OK,731424312,4057200010,Nursing Facility/Intermediate Care Facility,Skilled Nursing Facility,,,,,,,,,,,,,
1760480768,LEISURE VILLAGE OPERATING LLC,4532 E 51ST ST STE H,,TULSA,OK,741353705,9185230222,Skilled Nursing Facility,,,,,,,,,,,,,,
1609874528,AMBASSADOR MANOR NURSING CENTER L.L.C.,1340 E 61ST ST,,TULSA,OK,741360605,9187438978,Skilled Nursing Facility,,,,,,,,,,,,,,
1053319889,MCBRIDE CLINIC INC,PO BOX 268981,,OKLAHOMA CITY,OK,731268981,4052309000,Family Medicine,Rheumatology,Orthopaedic Surgery,Physical Medicine & Rehabilitation,Podiatrist,Physical Therapist,Occupational Therapist,Physician Assistant,Nurse Practitioner,,,,,,
1760481394,JOHNSTON COUNTY EMERGENCY MEDICAL SERVICES,604 E 24TH ST,,TISHOMINGO,OK,734603245,5803710569,Emergency Medical Technician - Intermediate,Land Transport,,,,,,,,,,,,,
1487653010,SUMMIT HEALTHCARE LLC,119 NORTH SIXTH,PO BOX 727,OKEENE,OK,73763,5808224441,Nursing Facility/Intermediate Care Facility,,,,,,,,,,,,,,
1376542902,CARE NURSING HOME INC.,200 W. PARKLAND AVE.,,PRAGUE,OK,748649615,4055672201,Skilled Nursing Facility,,,,,,,,,,,,,,
1356340897,IHS ACQUISITION NO 168 INC,8210 NATIONAL AVE,,MIDWEST CITY,OK,731108518,4057390800,Special Hospital,,,,,,,,,,,,,,
1801895362,WADLEY'S EMS INC,PO BOX 997,,PURCELL,OK,730800997,4055275555,Land Transport,,,,,,,,,,,,,,
1750380218,SAINT FRANCIS HOME HEALTH INC.,6600 S YALE AVE,SUITE 200,TULSA,OK,741363309,9184886888,Home Health,,,,,,,,,,,,,,
1174522643,COAL COUNTY EXTENDED CARE INCORPORATED,1 N ARNO ST,P. O. BOX 326,COALGATE,OK,745382401,5809272327,Home Health,Nursing Care,,,,,,,,,,,,,
1073512471,HONEY CREEK PHARMACY INC,1114 S MAIN ST,,GROVE,OK,743442800,9187866171,Durable Medical Equipment & Medical Supplies,,,,,,,,,,,,,,
1962401539,COMMUNITY CARE HEALTH SERVICES,3218 S 79TH EAST AVE,SUITE 100,TULSA,OK,741451316,9186244400,Oxygen Equipment & Supplies,Pharmacy,,,,,,,,,,,,,
1629077227,COAL COUNTY GENERAL HOSPITAL,PO BOX 326,,COALGATE,OK,745380326,5809272327,Critical Access,,,,,,,,,,,,,,
1326047762,RED RIVER HOSPICE,3525 NW 23RD ST,,OKLAHOMA CITY,OK,731072801,4059438277,Hospice Care - Community Based,,,,,,,,,,,,,,
1285633479,RITTER EXPRESS PHARMACY INC,PO BOX 870,,ATOKA,OK,745250870,(580) 889-3353,Durable Medical Equipment & Medical Supplies,Pharmacy,Community/Retail Pharmacy,Compounding Pharmacy,Long Term Care Pharmacy,Prosthetic/Orthotic Supplier,,,,,,,,,
1689673832,PRUETTS FOOD INC,201 S PARK DR,,BROKEN BOW,OK,747284737,5805846085,Pharmacy,Community/Retail Pharmacy,,,,,,,,,,,,,
1447259791,HARPER COUNTY COM. HOSPITAL,PO BOX 987,7TH & OKLAHOMA SUITE 5,LAVERNE,OK,73848,8778199911,Rural,,,,,,,,,,,,,,
1134128499,HARPER COUNTY COMMUNITY HOSPITAL,1003 HIGHWAY 64 N,PO BOX 60,BUFFALO,OK,73834,5807352555,Critical Access,,,,,,,,,,,,,,
1013916196,MEDICAL SPECIALTY SUPPLY OF OKLAHOMA INC,13654 S WESTERN,,OKLAHOMA CITY,OK,73170,4056927756,Durable Medical Equipment & Medical Supplies,,,,,,,,,,,,,,
1811996861,GRAND LAKE REGIONAL CARDIOLOGY SERVICES LLC,PO BOX 452438,,GROVE,OK,743452438,9187861070,Interventional Cardiology,,,,,,,,,,,,,,
1700885787,BROADWAY MANOR MANAGEMENT L.L.C,1622 E BROADWAY ST,,MUSKOGEE,OK,744034601,9186832851,Skilled Nursing Facility,,,,,,,,,,,,,,
1225037229,REGIONAL CARDIOLOGY PA,PO BOX 450968,,GROVE,OK,743450968,9187867667,Interventional Cardiology,,,,,,,,,,,,,,
1790785657,ACS MEDICAL LLC,6516 N OLIE AVE,STE A,OKLAHOMA CITY,OK,731167399,4058791800,Durable Medical Equipment & Medical Supplies,,,,,,,,,,,,,,
1669471520,GOLDEN AGE NURSING HOME OF GUTHRIE INC.,419 E OKLAHOMA AVE,,GUTHRIE,OK,730443316,4052820144,Skilled Nursing Facility,,,,,,,,,,,,,,
1811996770,COLES NURSING HOME LLC,2300 W NOBLE AVE,,GUTHRIE,OK,730445504,4052821686,Nursing Facility/Intermediate Care Facility,Skilled Nursing Facility,,,,,,,,,,,,,
1992704852,PERRY GREEN VALLEY NURSING HOME INC,1103 BIRCH ST,,PERRY,OK,730776269,5803362285,Skilled Nursing Facility,,,,,,,,,,,,,,
1740289636,WESTVILLE NURSING HOME INC,PO BOX 325,,WESTVILLE,OK,749650325,9187235476,Skilled Nursing Facility,,,,,,,,,,,,,,
1780683649,STILWELL NURSING HOME INC,PO BOX 651,,STILWELL,OK,749600651,9186967715,Skilled Nursing Facility,,,,,,,,,,,,,,
1922007806,COMPANION HOSPICE LLC,1314 E OKLAHOMA AVE,,GUTHRIE,OK,730443757,4052823980,Hospice Care - Community Based,,,,,,,,,,,,,,
1437158318,MIDSTATE REHAB LLC,114 S ASH ST,,GUTHRIE,OK,730444908,4052822005,Rehabilitation,,,,,,,,,,,,,,
1821098757,WESTBROOK HEALTHCARE,PO BOX 390,,WAURIKA,OK,735730390,5802282363,Nursing Facility/Intermediate Care Facility,Skilled Nursing Facility,,,,,,,,,,,,,
1053311704,CONTINUOUS CARE CENTER OF BARTLESVILLE INC,1924 S UTICA AVE,SUITE 600,TULSA,OK,741046510,9187498930,Long Term Care Hospital,,,,,,,,,,,,,,
1538169198,GRADY MEMORIAL HOSPITAL,2220 W IOWA AVE,,CHICKASHA,OK,730182738,4052242300,General Acute Care Hospital,,,,,,,,,,,,,,
1871593442,URGENT CARE ASSOCIATES PLLC,PO BOX 5038,,ENID,OK,737025038,5809771831,Urgent Care,,,,,,,,,,,,,,
1578563060,CLIFS PHARMACY LLC,PO BOX 1700,,SALLISAW,OK,749551700,9187760100,Pharmacy,Community/Retail Pharmacy,,,,,,,,,,,,,
1295735991,HARMON COUNTY HEALTHCARE AUTHORITY,PO BOX 791,,HOLLIS,OK,735500791,5806883363,General Acute Care Hospital,,,,,,,,,,,,,,
1124028675,VALIR HEALTH LLC,825 N BROADWAY AVE,SUITE #400,OKLAHOMA CITY,OK,731026012,4056093600,Medical Specialty,,,,,,,,,,,,,,
1164422416,PARKLAND MANOR LIVING CENTER LLC,200 W PARKLAND,,PRAGUE,OK,74864,4055672201,Skilled Nursing Facility,,,,,,,,,,,,,,
1699775940,FUTURE HEALTHCARE SERVICES INC,201 W WALNUT ST,,TECUMSEH,OK,748731827,4055982167,Skilled Nursing Facility,,,,,,,,,,,,,,
1285634543,VISTA NURSING HOME INC,114 W 2ND ST,,HEAVENER,OK,749372002,9186532472,Skilled Nursing Facility,,,,,,,,,,,,,,
1043210305,EASTERN OKLAHOMA ORTHOPEDIC CENTER INC,6475 S YALE AVE,STE. 301,TULSA,OK,741367815,9184949300,Orthopaedic Surgery,Sports Medicine,Physical Therapist,,,,,,,,,,,,
1033119326,CITY OF ANADARKO,115 W KENTUCKY AVE,,ANADARKO,OK,730054014,4052473871,Ambulance,,,,,,,,,,,,,,
1225038524,ELMWOOD MANOR NURSING HOME LLC,300 S SEMINOLE AVE,,WEWOKA,OK,748842557,4052576621,Skilled Nursing Facility,,,,,,,,,,,,,,
1891795100,HASKELL CARE CENTER LLC,405 N CHOCTAW AVENUE,,HASKELL,OK,744361319,9184823310,Skilled Nursing Facility,,,,,,,,,,,,,,
1013917012,FOOT & ANKLE CLINIC OF WESTERN OKLAHOMA PLLC,207 SOUTH 30TH STREET,,CLINTON,OK,73601,5803235800,Podiatrist,,,,,,,,,,,,,,
1679574628,MARION V STAUFFER LLC,1236 E MAIN ST,,CUSHING,OK,74023,9182251973,,,,,,,,,,,,,,,
1770584773,JOHN C OGLE DO PC,PO BOX 960242,,OKLAHOMA CITY,OK,73196,5805481367,Family Medicine,,,,,,,,,,,,,,
1689675688,STACEY D KNAPP DO PC INC,209 S 30TH ST,,CLINTON,OK,736013100,5803237800,Family Medicine,,,,,,,,,,,,,,
1396746111,DENHAM SPRINGS URGENT CARE LLC,DEPT 960139,,OKLAHOMA CITY,OK,731960139,8774854474,Family Medicine,,,,,,,,,,,,,,
1841291515,LIFE CARE INC.,114 E CHEROKEE AVE,,SALLISAW,OK,749554622,9187756236,Durable Medical Equipment & Medical Supplies,,,,,,,,,,,,,,
1598766263,SAFFA HEALTHMART PHARMACY INC,8002 S SHERIDAN RD,,TULSA,OK,741338945,9184924242,Community/Retail Pharmacy,Compounding Pharmacy,,,,,,,,,,,,,
1093716342,BESTYET PHARMACY LLC,PO BOX 98,,HARRAH,OK,730450098,4054546261,Pharmacy,Community/Retail Pharmacy,Compounding Pharmacy,Long Term Care Pharmacy,,,,,,,,,,,
1811998164,COUNTRY STYLE HEALTH CARE INC,1100 E MELTON DR,,JAY,OK,743462700,9182534950,Home Health,,,,,,,,,,,,,,
1942201314,TRUNG B NGUYEN MD INC,PO BOX 5038,,ENID,OK,737025038,5802377246,Pain,,,,,,,,,,,,,,
1922009315,CORNERSTONE HOSPICE LLC,4135 SOUTH 100TH EAST AVE.,SUITE 200,TULSA,OK,741463636,9186415192,Hospice Care - Community Based,,,,,,,,,,,,,,
1942201397,INTEGRIS BASS BAPTIST HEALTH CENTER,PO BOX 5038,,ENID,OK,737025038,5805481367,Family Medicine,,,,,,,,,,,,,,
1831190107,COUNTRY STYLE HEALTH CARE INC IX,121 S 5TH ST,,HENRYETTA,OK,744375203,9186509133,Home Health,,,,,,,,,,,,,,
1669473104,COUNTRY STYLE HEALTH CARE INC X,304 N MERIDIAN AVE,SUITE 14,OKLAHOMA CITY,OK,731076546,4059484449,Home Health,,,,,,,,,,,,,,
1487655924,COUNTRY STYLE HEALTH CARE INC VIII,315 E WYANDOTTE AVE,,MCALESTER,OK,745015405,9184218822,Home Health,,,,,,,,,,,,,,
1205837531,JMP LTD,2602 S HARVARD AVE,,TULSA,OK,741144603,9187436154,Pharmacist,,,,,,,,,,,,,,
1962403030,INTEGRIS RURAL HEALTH INC,PO BOX 960033,,OKLAHOMA CITY,OK,731960033,5805481367,Family Medicine,Pediatrics,,,,,,,,,,,,,
1659372712,MARSHALL COUNTY HMA LLC,PO BOX 762,,KINGSTON,OK,734390762,5805644944,Family Medicine,,,,,,,,,,,,,,
1417959396,ADVANCED MEDICAL EQUIPMENT LLC,PO BOX 1095,,GUTHRIE,OK,730441095,4052826285,Durable Medical Equipment & Medical Supplies,,,,,,,,,,,,,,
1861494759,COUNTRY STYLE HEALTH CARE INC VII,PO BOX 97,69711 HWY 259,SMITHVILLE,OK,749570097,5802443488,Home Health,,,,,,,,,,,,,,
1215939004,ORTHODONTIC ASSOCIATES,10914 HEFNER POINTE DR,SUITE 300,OKLAHOMA CITY,OK,731205066,,Orthodontics and Dentofacial Orthopedics,,,,,,,,,,,,,,
1831191543,OMH HOME HEALTH,PO BOX 1038,,OKMULGEE,OK,744471038,9187564233,Home Health,,,,,,,,,,,,,,
1720080401,SOONER ANESTHESIA SERVICES LLC,PO BOX 470191,,TULSA,OK,741470191,9187422502,Anesthesiology,,,,,,,,,,,,,,
1548262132,GORE GREEN COUNTRY DRUG,PO BOX 330,,GORE,OK,744350330,9184895558,Community/Retail Pharmacy,Compounding Pharmacy,,,,,,,,,,,,,
1316949860,SPRINGER CLINIC INC,6600 S YALE AVE,STE 1400,TULSA,OK,741363310,9184946001,Multi-Specialty,,,,,,,,,,,,,,
1356343792,WOODLAWN L L C,PO BOX 1185,,ADA,OK,748211185,,Nursing Facility/Intermediate Care Facility,,,,,,,,,,,,,,
1326040817,BASS MEMORIAL BAPTIST HOSPITAL,PO BOX 960061,,OKLAHOMA CITY,OK,731960001,5805481367,Family Medicine,,,,,,,,,,,,,,
1538161039,BAPTIST HEALTHCARE OF OKLAHOMA INC,PO BOX 3928,,ENID,OK,737023928,5805481112,Occupational Medicine,,,,,,,,,,,,,,
1295727337,WVL I LP,PO BOX 977,,GUTHRIE,OK,730440977,4052822600,Intermediate Care Facility - Mentally Retarded,,,,,,,,,,,,,,
1154313278,WOODLAWN LP,PO BOX 977,,GUTHRIE,OK,73044,4052822600,Nursing Facility/Intermediate Care Facility,,,,,,,,,,,,,,
1942292073,SOUTHERN OKLAHOMA SURGICAL CENTER INC,2412 NORTH COMMERCE,,ARDMORE,OK,734011356,5802265000,Ambulatory Surgical,,,,,,,,,,,,,,
1578555777,WATONGA HOSPITAL TRUST AUTHORITY,PO BOX 370,,WATONGA,OK,737720370,5806237211,General Acute Care Hospital,,,,,,,,,,,,,,
1649262627,AMBULATORY SURGERY ASSOCIATES,6160 S YALE AVE,AMBULATORY SURGERY ASSOCIATES,TULSA,OK,741361930,9184952625,Surgery,,,,,,,,,,,,,,
1235121096,NORMAN CLINIC INC,950 N PORTER AVE,SUITE 300,NORMAN,OK,730716400,4053290121,Family Medicine,Internal Medicine,Cardiovascular Disease,Interventional Cardiology,Neurology,,,,,,,,,,
1053303701,MAGNA HOME HEALTH CARE INC.,4271 W ALBANY ST,,BROKEN ARROW,OK,740121233,9184595073,Home Health,,,,,,,,,,,,,,
1225020811,TAHLEQUAH DRUG COMPANY LLC,2028 MAHANEY AVE,,TAHLEQUAH,OK,744645783,9184310555,Pharmacy,Community/Retail Pharmacy,Long Term Care Pharmacy,,,,,,,,,,,,
1780676320,HOME CARE MEDICAL SUPPLIES INC,9128 NW HIWAY,#2,WILBURTON,OK,74578,9184655726,Durable Medical Equipment & Medical Supplies,,,,,,,,,,,,,,
1497747901,CREEK COUNTY EMERGENCY AMBULANCE SERVICE DISTRICT,123 E HOBSON AVE,,SAPULPA,OK,740662807,9182274111,Land Transport,,,,,,,,,,,,,,
1144212556,PUSHMATAHA COUNTY TOWN OF ANTLERS HOSPITAL AUTHORITY,PO BOX 518,,ANTLERS,OK,745230518,5802983341,Rural,,,,,,,,,,,,,,
1790777126,HUTTON PHARMACY #2 INC,PO BOX 506,,TONKAWA,OK,746530506,5806283312,Pharmacy,,,,,,,,,,,,,,
1629060975,OWASSO FAMILY DENISTRY,8801 N 145TH EAST AVE,,OWASSO,OK,740558464,9182743779,Dentist,,,,,,,,,,,,,,
1083607360,EASTERN OKLAHOMA SURGERY CENTER LLC,5020 E 68TH ST,,TULSA,OK,741363307,9184921539,Ambulatory Surgical,,,,,,,,,,,,,,
1841283165,OKLAHOMA RADIOLOGY GROUP PC,2224 NW 50TH ST,SUITE 276W,OKLAHOMA CITY,OK,731128046,4058582350,Diagnostic Radiology,,,,,,,,,,,,,,
1104818434,EMERGENCY MEDICAL SERVICE A TRUST,PO BOX 1056,,OKMULGEE,OK,744471056,9187568563,Land Transport,,,,,,,,,,,,,,
1801889993,MIDLAND EMERGENCY MANAGEMENT PLLC,9301 S WESTERN AVE,,OKLAHOMA CITY,OK,731392767,8663218433,Emergency Medicine,Emergency Medical Services,,,,,,,,,,,,,
1336132539,SENIOR VILLAGE NURSING HOME,1104 N MADISON AVE,,BLANCHARD,OK,730106504,4054853315,Nursing Facility/Intermediate Care Facility,,,,,,,,,,,,,,
1003809203,IHS ACQUISITION NO 127 INC,8200 NATIONAL AVE,,MIDWEST CITY,OK,731108518,4057378200,Skilled Nursing Facility,,,,,,,,,,,,,,
1912990110,HOLIDAY HEIGHTS NURSING HOME,301 E DALE ST,,NORMAN,OK,730698737,4053217932,Nursing Facility/Intermediate Care Facility,,,,,,,,,,,,,,
1215920293,SOUTH TULSA PEDIATRICS PLLJ,7512 E 91ST ST,,TULSA,OK,741336050,9187282000,Pediatrics,,,,,,,,,,,,,,
1831182625,COUNTRY STYLE HEALTH CARE INC IV,301 S MAIN ST,,EUFAULA,OK,744323253,9186895352,Home Health,,,,,,,,,,,,,,
1205829025,EASTERN OKLAHOMA EAR NOSE AND THROAT INC,5020 E 68TH ST,,TULSA,OK,741363307,9184293636,Medical Specialty,,,,,,,,,,,,,,
1508859489,LIMES GENITOURINARY CLINIC INC,3101 NW 54TH ST,,OKLAHOMA CITY,OK,731125308,4059463366,Urology,,,,,,,,,,,,,,
1497748180,BURFORD MANOR,505 S 7TH ST,,DAVIS,OK,730303136,5803692369,Nursing Facility/Intermediate Care Facility,,,,,,,,,,,,,,
1770576548,JAMES B MADDEN DDS PC,3701 N CLASSEN BLVD,,OKLAHOMA CITY,OK,731182839,4052364755,Dentist,,,,,,,,,,,,,,
1881687655,CHOCTAW COUNTY AMBULANCE AUTHORITY,PO BOX 567,,HUGO,OK,747430567,5803262634,Land Transport,,,,,,,,,,,,,,
1861485559,SOONER PHARMACY,815 W BROADWAY AVE,,SULPHUR,OK,730864611,5806222208,Pharmacy,,,,,,,,,,,,,,
1639162399,SEILING NURSING CENTER,PO BOX 85,HIGHWAY 60 NORTH,SEILING,OK,736630085,5809224433,Nursing Facility/Intermediate Care Facility,,,,,,,,,,,,,,
1104819762,DUBOIS MEDICAL CLINIC PC,1117 S DOUGLAS BLVD,STE D,MIDWEST CITY,OK,731305262,4057418686,Family Medicine,Nephrology,,,,,,,,,,,,,
1740273317,HEALTHWAY HOUSE INC,PO BOX 985,,PRYOR,OK,743620985,9188256151,Durable Medical Equipment & Medical Supplies,,,,,,,,,,,,,,
1669465209,FOUNDATION SURGERY AFFILIATE OF HUNTINGDON VALLEY LP,14000 N PORTLAND AVE,SUITE 200,OKLAHOMA CITY,OK,731344003,4056081700,Ambulatory Surgical,,,,,,,,,,,,,,
1730172230,SPECIALISTS SURGERY CENTER LLC,5925 NW 139TH ST,,OKLAHOMA CITY,OK,731421922,4056218800,Ambulatory Surgical,,,,,,,,,,,,,,
1033103452,GLENN CROWSON MD INC,PO BOX 1093,,WEWOKA,OK,748841093,4052573396,Family Medicine,Rural Health,Nurse Practitioner,,,,,,,,,,,,
1922091347,EUFAULA MEDICAL CENTER INC,1 HOSPITAL DR,PO BOX 629,EUFAULA,OK,744324010,9186892541,Gastroenterology,,,,,,,,,,,,,,
1679567960,ORTHOPAEDIC & SPORTS SPECIALISTS PC,4140 W MEMORIAL RD,PLAZA 308,OKLAHOMA CITY,OK,731208366,4057497031,Orthopaedic Surgery,,,,,,,,,,,,,,
1578557849,JOHN STEWART PSY.D. PC,1009 22ND ST,,WOODWARD,OK,738012824,5802566009,Clinical,,,,,,,,,,,,,,
1568456689,ELDORADO EMERGENCY MEDICAL SERVICE,501 WEST C,,ELDORADO,OK,735370043,5806332404,Emergency Medical Technician - Basic,,,,,,,,,,,,,,
1871587832,CORBYN L VANBRUNT DDS PC,6565 S YALE AVE STE 1103,,TULSA,OK,741368327,9184814910,General Practice,,,,,,,,,,,,,,
1811981798,PHYSICAL THERAPY CONSULTANTS OF TULSA INC,4157 S HARVARD AVE,STE 111,TULSA,OK,741352631,9187432988,Physical Therapist,,,,,,,,,,,,,,
1699769513,VALLEY EMERGENCY PHYSICIANS,PO BOX 5357,,NORMAN,OK,730705357,8663218433,Emergency Medicine,,,,,,,,,,,,,,
1609860568,EQUITY FUNDING LLC,406 E MAIN ST,,HEALDTON,OK,734381839,5802290737,Skilled Nursing Facility,,,,,,,,,,,,,,
1407840366,DON RITTER,906 E MAIN ST,,ANTLERS,OK,745232808,5802985064,Pharmacy,Community/Retail Pharmacy,Long Term Care Pharmacy,,,,,,,,,,,,
1225022189,MUSKOGEE MEDICAL INC,3500 HASKELL BLVD,,MUSKOGEE,OK,744033915,9186823191,Durable Medical Equipment & Medical Supplies,,,,,,,,,,,,,,
1972597680,NORTHEASTERN OKLAHOMA COMMUNITY HEALTH CENTERS INC,PO BOX 751,,HULBERT,OK,744410751,9187723390,Federally Qualified Health Center (FQHC),,,,,,,,,,,,,,
1073507679,FOSTER FAMILY DENTISTRY,6227 N MERIDIAN AVE,,OKLAHOMA CITY,OK,731121249,4057229400,General Practice,,,,,,,,,,,,,,
1982698585,T & L PHARMACY INC.,1001 HWY 64 NORTH,P.O.BOX 120,BUFFALO,OK,738340120,5807352161,Pharmacy,,,,,,,,,,,,,,
1093709537,NORSTAR EMERGENCY PHYSICIANS,PO BOX 269024,,OKLAHOMA CITY,OK,731269024,4057597725,Emergency Medical Services,,,,,,,,,,,,,,
1558355123,THE ELECTRIC SCOOTER COMPANY OF OKLAHOMA,6601 N MAY AVE,,OKLAHOMA CITY,OK,731163401,4058580000,Durable Medical Equipment & Medical Supplies,,,,,,,,,,,,,,
1679568125,TIM CARLTON PROSTHETICS INC.,9414 WESTGATE RD,SUITE B.,OKLAHOMA CITY,OK,731626245,4057217570,Prosthetic/Orthotic Supplier,,,,,,,,,,,,,,
1114912649,RICHARD M FREEMAN DDS PC,500 N EASTERN AVE,,MOORE,OK,76160,4059123300,General Practice,,,,,,,,,,,,,,
1700871217,RALEY PRESCRIPTION PHARMACY,19320 E ADMIRAL PL,P.O. BOX 1740,CATOOSA,OK,740153207,9182662283,Pharmacist,,,,,,,,,,,,,,
1295720597,ANDREW F FROST MD INC,PO BOX 271958,,OKLAHOMA CITY,OK,731371958,4057759350,Anesthesiology,,,,,,,,,,,,,,
1881689289,CHOCTAW COUNTY CITY OF HUGO HOSPITAL AUTHORITY,1405 E. KIRK ST.,,HUGO,OK,747433603,5803179500,General Acute Care Hospital,Rural,,,,,,,,,,,,,
1114912128,PAUL B STRAHAN DDS INC,15 W 6TH ST,STE 1615,TULSA,OK,741195415,9185871303,Dentist,,,,,,,,,,,,,,
1982699971,ADVANCED PHARMACY SERVICES LLC,PO BOX 421,,HYDRO,OK,730480421,4056634111,Pharmacy,Compounding Pharmacy,Long Term Care Pharmacy,Specialty Pharmacy,,,,,,,,,,,
1821083809,PUCKETT FOOD STORES INC,PO BOX 148,,MANGUM,OK,735540148,,Pharmacy,Community/Retail Pharmacy,Long Term Care Pharmacy,,,,,,,,,,,,
1437144342,REGIONAL ORTHOPEDIC ASSOCIATES PC,4140 SE ADAMS ROAD #102,,BARTLESVILLE,OK,740062411,9183311653,Orthopaedic Surgery,,,,,,,,,,,,,,
1376538140,GREATER TULSA ANESTHESIOLOGISTS PLLC,DEPT 1654,,TULSA,OK,741820001,4059478585,Anesthesiology,,,,,,,,,,,,,,
1215922042,ADAM G SHERMAN PHD PC,3015 E SKELLY DR,SUITE 135,TULSA,OK,741056317,9187122885,Psychologist,,,,,,,,,,,,,,
1245225978,PARKVIEW HOSPITAL,2115 PARKVIEW DR,PO BOX 129,EL RENO,OK,730362109,4052626877,Home Health,,,,,,,,,,,,,,
1265428866,LINDSAY MANOR,1103 W CHEROKEE ST,,LINDSAY,OK,730525105,4057564334,Skilled Nursing Facility,,,,,,,,,,,,,,
1609862226,BREATHING DISORDERS SERVICES,PO BOX 269035,,OKLAHOMA CITY,OK,731269035,4056350004,Oxygen Equipment & Supplies,,,,,,,,,,,,,,
1669467270,PARLEY HUBLER JR DDS PC,1506 W CHICKASAW AVE,,SALLISAW,OK,749557200,9187753200,General Practice,,,,,,,,,,,,,,
1841286283,SOUTH COFFEYVILLE SCHOOL,600 E 5TH,,SOUTH COFFEYVILLE,OK,740720190,9182556475,Case Management,,,,,,,,,,,,,,
1235125741,MORTON HEALTH CENTER PHARMACY,1334 N LANSING AVE,,TULSA,OK,741065907,9182956130,Pharmacy,,,,,,,,,,,,,,
1619963030,MORTON COMPREHENSIVE HEALTH SERVICES,1334 N LANSING AVE,,TULSA,OK,741065907,9185872171,Clinical Medical Laboratory,,,,,,,,,,,,,,
1023004215,HUTTON PHARMACY INC,PO BOX 110,,BLACKWELL,OK,746310110,5803632137,Pharmacy,Community/Retail Pharmacy,,,,,,,,,,,,,
1043206444,SKIATOOK FIRE DEPARTMENT,PO BOX 399,,SKIATOOK,OK,740700399,9183963422,Land Transport,,,,,,,,,,,,,,
1710973938,KENNETH DALE PRIEST MD PC,PO BOX 272606,,OKLAHOMA CITY,OK,731372606,4057759350,Anesthesiology,,,,,,,,,,,,,,
1538155627,SATHEESH K SHETTY MD PC,PO BOX 21891,,OKLAHOMA CITY,OK,731561891,4058344274,Anesthesiology,,,,,,,,,,,,,,
1710973854,ALTERNACARE INC,3404 W OKMULGEE ST,,MUSKOGEE,OK,744015071,9186277773,Durable Medical Equipment & Medical Supplies,,,,,,,,,,,,,,
1366438459,RONALD G POWELL MD PC,PO BOX 722790,,NORMAN,OK,730709130,4057759350,Anesthesiology,,,,,,,,,,,,,,
1336135425,STANTON ANESTHESIA INC,PO BOX 25016,,OKLAHOMA CITY,OK,73125,4057759350,Anesthesiology,,,,,,,,,,,,,,
1841286010,GERIMED INC,PO BOX 108810,,OKLAHOMA CITY,OK,731018810,4059478586,Geriatric Medicine,,,,,,,,,,,,,,
1386630556,GEORGE B DAWSON MD PC,PO BOX 272495,,OKLAHOMA CITY,OK,731372495,4057759350,Anesthesiology,Pain Medicine,,,,,,,,,,,,,
1295721470,LANKIKE N ABEYEWARDENE MD PC,PO BOX 272426,,OKLAHOMA CITY,OK,731372426,4057759350,Anesthesiology,,,,,,,,,,,,,,
1174519102,FAIRVIEW HOME HEALTH LLC,PO BOX 186,,FAIRVIEW,OK,737370186,5802274663,Home Health,,,,,,,,,,,,,,
1073509022,MENTAL HEALTH SERVICES OF SOUTHERN OKLAHOMA,2530 S COMMERCE ST,BLDG A,ARDMORE,OK,734015519,5802235070,Case Management,Mental Health (Including Community Mental Health Center),Medical Specialty,,,,,,,,,,,,
1508853235,DON LOGUE DDS PC,1702 PARK HILL RD,,TAHLEQUAH,OK,744645600,9184563082,General Practice,,,,,,,,,,,,,,
1033105861,SHEARWOOD CHIROPRACTIC CLINIC INC,909 W MAIN ST,,STIGLER,OK,744622341,9189673900,Chiropractor,,,,,,,,,,,,,,
1134116809,VIALIFE CORPORATION,108 N ADAIR ST STE B,,PRYOR,OK,743612412,9188249600,Home Health,,,,,,,,,,,,,,
1740277318,CONSULTING ANESTHESIOLOGY OF NORMAN INC,PO BOX 271086,,OKLAHOMA CITY,OK,731261086,4059478585,Anesthesiology,,,,,,,,,,,,,,
1487641890,RADIOLOGY CONSULTANTS OF TULSA INC,PO BOX 4975,,TULSA,OK,741590975,9187438838,Diagnostic Radiology,,,,,,,,,,,,,,
